RECLOC,COS_CD,SEG_SEQ,PAX_CNT,ORIG_CD,DEST_CD,DEP_DTML,ARR_DTML,INV_ID,DEP_DTMZ,ARR_DTMZ
PNR00001,F,1,4,CNN,MAA,2023-12-06 04:37:00,2023-12-06 12:50:00,INV-ZZ-4889368,,
PNR00002,F,1,4,CNN,MAA,2023-12-06 04:37:00,2023-12-06 12:50:00,INV-ZZ-4889368,,
PNR00003,F,1,2,CNN,MAA,2023-12-06 04:37:00,2023-12-06 12:50:00,INV-ZZ-4889368,,
PNR00004,F,1,3,CNN,MAA,2023-12-06 04:37:00,2023-12-06 12:50:00,INV-ZZ-4889368,,
PNR00005,P,1,3,CNN,MAA,2023-12-06 04:37:00,2023-12-06 12:50:00,INV-ZZ-4889368,,
PNR00006,P,1,4,CNN,MAA,2023-12-06 04:37:00,2023-12-06 12:50:00,INV-ZZ-4889368,,
PNR00007,P,1,1,CNN,MAA,2023-12-06 04:37:00,2023-12-06 12:50:00,INV-ZZ-4889368,,
PNR00008,C,1,3,CNN,MAA,2023-12-06 04:37:00,2023-12-06 12:50:00,INV-ZZ-4889368,,
PNR00009,C,1,3,CNN,MAA,2023-12-06 04:37:00,2023-12-06 12:50:00,INV-ZZ-4889368,,
PNR00010,C,1,3,CNN,MAA,2023-12-06 04:37:00,2023-12-06 12:50:00,INV-ZZ-4889368,,
PNR00011,C,1,3,CNN,MAA,2023-12-06 04:37:00,2023-12-06 12:50:00,INV-ZZ-4889368,,
PNR00012,C,1,3,CNN,MAA,2023-12-06 04:37:00,2023-12-06 12:50:00,INV-ZZ-4889368,,
PNR00013,C,1,3,CNN,MAA,2023-12-06 04:37:00,2023-12-06 12:50:00,INV-ZZ-4889368,,
PNR00014,J,1,2,CNN,MAA,2023-12-06 04:37:00,2023-12-06 12:50:00,INV-ZZ-4889368,,
PNR00015,J,1,2,CNN,MAA,2023-12-06 04:37:00,2023-12-06 12:50:00,INV-ZZ-4889368,,
PNR00016,J,1,2,CNN,MAA,2023-12-06 04:37:00,2023-12-06 12:50:00,INV-ZZ-4889368,,
PNR00017,J,1,3,CNN,MAA,2023-12-06 04:37:00,2023-12-06 12:50:00,INV-ZZ-4889368,,
PNR00018,J,1,3,CNN,MAA,2023-12-06 04:37:00,2023-12-06 12:50:00,INV-ZZ-4889368,,
PNR00019,J,1,1,CNN,MAA,2023-12-06 04:37:00,2023-12-06 12:50:00,INV-ZZ-4889368,,
PNR00020,Z,1,2,CNN,MAA,2023-12-06 04:37:00,2023-12-06 12:50:00,INV-ZZ-4889368,,
PNR00021,Z,1,2,CNN,MAA,2023-12-06 04:37:00,2023-12-06 12:50:00,INV-ZZ-4889368,,
PNR00022,Z,1,3,CNN,MAA,2023-12-06 04:37:00,2023-12-06 12:50:00,INV-ZZ-4889368,,
PNR00023,Z,1,3,CNN,MAA,2023-12-06 04:37:00,2023-12-06 12:50:00,INV-ZZ-4889368,,
PNR00024,Z,1,2,CNN,MAA,2023-12-06 04:37:00,2023-12-06 12:50:00,INV-ZZ-4889368,,
PNR00025,Q,1,3,CNN,MAA,2023-12-06 04:37:00,2023-12-06 12:50:00,INV-ZZ-4889368,,
PNR00026,Q,1,3,CNN,MAA,2023-12-06 04:37:00,2023-12-06 12:50:00,INV-ZZ-4889368,,
PNR00027,Q,1,3,CNN,MAA,2023-12-06 04:37:00,2023-12-06 12:50:00,INV-ZZ-4889368,,
PNR00028,Q,1,3,CNN,MAA,2023-12-06 04:37:00,2023-12-06 12:50:00,INV-ZZ-4889368,,
PNR00029,Q,1,3,CNN,MAA,2023-12-06 04:37:00,2023-12-06 12:50:00,INV-ZZ-4889368,,
PNR00030,Q,1,3,CNN,MAA,2023-12-06 04:37:00,2023-12-06 12:50:00,INV-ZZ-4889368,,
PNR00031,Q,1,2,CNN,MAA,2023-12-06 04:37:00,2023-12-06 12:50:00,INV-ZZ-4889368,,
PNR00032,R,1,3,CNN,MAA,2023-12-06 04:37:00,2023-12-06 12:50:00,INV-ZZ-4889368,,
PNR00033,R,1,3,CNN,MAA,2023-12-06 04:37:00,2023-12-06 12:50:00,INV-ZZ-4889368,,
PNR00034,R,1,3,CNN,MAA,2023-12-06 04:37:00,2023-12-06 12:50:00,INV-ZZ-4889368,,
PNR00035,R,1,3,CNN,MAA,2023-12-06 04:37:00,2023-12-06 12:50:00,INV-ZZ-4889368,,
PNR00036,R,1,1,CNN,MAA,2023-12-06 04:37:00,2023-12-06 12:50:00,INV-ZZ-4889368,,
PNR00037,S,1,2,CNN,MAA,2023-12-06 04:37:00,2023-12-06 12:50:00,INV-ZZ-4889368,,
PNR00038,S,1,2,CNN,MAA,2023-12-06 04:37:00,2023-12-06 12:50:00,INV-ZZ-4889368,,
PNR00039,S,1,2,CNN,MAA,2023-12-06 04:37:00,2023-12-06 12:50:00,INV-ZZ-4889368,,
PNR00040,S,1,1,CNN,MAA,2023-12-06 04:37:00,2023-12-06 12:50:00,INV-ZZ-4889368,,
PNR00041,T,1,1,CNN,MAA,2023-12-06 04:37:00,2023-12-06 12:50:00,INV-ZZ-4889368,,
PNR00042,T,1,3,CNN,MAA,2023-12-06 04:37:00,2023-12-06 12:50:00,INV-ZZ-4889368,,
PNR00043,T,1,3,CNN,MAA,2023-12-06 04:37:00,2023-12-06 12:50:00,INV-ZZ-4889368,,
PNR00044,H,1,3,CNN,MAA,2023-12-06 04:37:00,2023-12-06 12:50:00,INV-ZZ-4889368,,
PNR00045,H,1,3,CNN,MAA,2023-12-06 04:37:00,2023-12-06 12:50:00,INV-ZZ-4889368,,
PNR00046,H,1,3,CNN,MAA,2023-12-06 04:37:00,2023-12-06 12:50:00,INV-ZZ-4889368,,
PNR00047,H,1,2,CNN,MAA,2023-12-06 04:37:00,2023-12-06 12:50:00,INV-ZZ-4889368,,
PNR00048,H,1,2,CNN,MAA,2023-12-06 04:37:00,2023-12-06 12:50:00,INV-ZZ-4889368,,
PNR00049,M,1,2,CNN,MAA,2023-12-06 04:37:00,2023-12-06 12:50:00,INV-ZZ-4889368,,
PNR00050,M,1,1,CNN,MAA,2023-12-06 04:37:00,2023-12-06 12:50:00,INV-ZZ-4889368,,
PNR00051,Y,1,2,CNN,MAA,2023-12-06 04:37:00,2023-12-06 12:50:00,INV-ZZ-4889368,,
PNR00052,Y,1,2,CNN,MAA,2023-12-06 04:37:00,2023-12-06 12:50:00,INV-ZZ-4889368,,
PNR00053,Y,1,2,CNN,MAA,2023-12-06 04:37:00,2023-12-06 12:50:00,INV-ZZ-4889368,,
PNR00054,Y,1,1,CNN,MAA,2023-12-06 04:37:00,2023-12-06 12:50:00,INV-ZZ-4889368,,
PNR00055,A,1,2,CNN,MAA,2023-12-06 04:37:00,2023-12-06 12:50:00,INV-ZZ-4889368,,
PNR00056,A,1,2,CNN,MAA,2023-12-06 04:37:00,2023-12-06 12:50:00,INV-ZZ-4889368,,
PNR00057,A,1,2,CNN,MAA,2023-12-06 04:37:00,2023-12-06 12:50:00,INV-ZZ-4889368,,
PNR00058,A,1,1,CNN,MAA,2023-12-06 04:37:00,2023-12-06 12:50:00,INV-ZZ-4889368,,
PNR00059,B,1,3,CNN,MAA,2023-12-06 04:37:00,2023-12-06 12:50:00,INV-ZZ-4889368,,
PNR00060,D,1,3,CNN,MAA,2023-12-06 04:37:00,2023-12-06 12:50:00,INV-ZZ-4889368,,
PNR00061,E,1,3,CNN,MAA,2023-12-06 04:37:00,2023-12-06 12:50:00,INV-ZZ-4889368,,
PNR00062,I,1,3,CNN,MAA,2023-12-06 04:37:00,2023-12-06 12:50:00,INV-ZZ-4889368,,
PNR00063,L,1,3,CNN,MAA,2023-12-06 04:37:00,2023-12-06 12:50:00,INV-ZZ-4889368,,
PNR00064,G,1,2,CNN,MAA,2023-12-06 04:37:00,2023-12-06 12:50:00,INV-ZZ-4889368,,
PNR00065,G,1,2,CNN,MAA,2023-12-06 04:37:00,2023-12-06 12:50:00,INV-ZZ-4889368,,
PNR00066,G,1,2,CNN,MAA,2023-12-06 04:37:00,2023-12-06 12:50:00,INV-ZZ-4889368,,
PNR00067,G,1,1,CNN,MAA,2023-12-06 04:37:00,2023-12-06 12:50:00,INV-ZZ-4889368,,
PNR00068,K,1,2,CNN,MAA,2023-12-06 04:37:00,2023-12-06 12:50:00,INV-ZZ-4889368,,
PNR00069,K,1,2,CNN,MAA,2023-12-06 04:37:00,2023-12-06 12:50:00,INV-ZZ-4889368,,
PNR00070,K,1,2,CNN,MAA,2023-12-06 04:37:00,2023-12-06 12:50:00,INV-ZZ-4889368,,
PNR00071,K,1,1,CNN,MAA,2023-12-06 04:37:00,2023-12-06 12:50:00,INV-ZZ-4889368,,
PNR00072,U,1,2,CNN,MAA,2023-12-06 04:37:00,2023-12-06 12:50:00,INV-ZZ-4889368,,
PNR00073,U,1,2,CNN,MAA,2023-12-06 04:37:00,2023-12-06 12:50:00,INV-ZZ-4889368,,
PNR00074,U,1,2,CNN,MAA,2023-12-06 04:37:00,2023-12-06 12:50:00,INV-ZZ-4889368,,
PNR00075,U,1,1,CNN,MAA,2023-12-06 04:37:00,2023-12-06 12:50:00,INV-ZZ-4889368,,
PNR00076,N,1,3,CNN,MAA,2023-12-06 04:37:00,2023-12-06 12:50:00,INV-ZZ-4889368,,
PNR00077,O,1,3,CNN,MAA,2023-12-06 04:37:00,2023-12-06 12:50:00,INV-ZZ-4889368,,
PNR00078,O,1,3,CNN,MAA,2023-12-06 04:37:00,2023-12-06 12:50:00,INV-ZZ-4889368,,
PNR00079,V,1,3,CNN,MAA,2023-12-06 04:37:00,2023-12-06 12:50:00,INV-ZZ-4889368,,
PNR00080,W,1,3,CNN,MAA,2023-12-06 04:37:00,2023-12-06 12:50:00,INV-ZZ-4889368,,
PNR00081,X,1,3,CNN,MAA,2023-12-06 04:37:00,2023-12-06 12:50:00,INV-ZZ-4889368,,
PNR00082,Y,1,2,CNN,MAA,2023-12-06 04:37:00,2023-12-06 12:50:00,INV-ZZ-4889368,,
PNR00083,Y,1,2,CNN,MAA,2023-12-06 04:37:00,2023-12-06 12:50:00,INV-ZZ-4889368,,
PNR00084,Y,1,2,CNN,MAA,2023-12-06 04:37:00,2023-12-06 12:50:00,INV-ZZ-4889368,,
PNR00085,Y,1,2,CNN,MAA,2023-12-06 04:37:00,2023-12-06 12:50:00,INV-ZZ-4889368,,
PNR00086,Y,1,2,CNN,MAA,2023-12-06 04:37:00,2023-12-06 12:50:00,INV-ZZ-4889368,,
PNR00087,Y,1,4,CNN,MAA,2023-12-06 04:37:00,2023-12-06 12:50:00,INV-ZZ-4889368,,
PNR00088,F,1,4,CJB,HYD,2023-12-06 06:47:00,2023-12-06 14:05:00,INV-ZZ-3590805,,
PNR00089,F,1,4,CJB,HYD,2023-12-06 06:47:00,2023-12-06 14:05:00,INV-ZZ-3590805,,
PNR00090,F,1,2,CJB,HYD,2023-12-06 06:47:00,2023-12-06 14:05:00,INV-ZZ-3590805,,
PNR00091,F,1,3,CJB,HYD,2023-12-06 06:47:00,2023-12-06 14:05:00,INV-ZZ-3590805,,
PNR00092,P,1,3,CJB,HYD,2023-12-06 06:47:00,2023-12-06 14:05:00,INV-ZZ-3590805,,
PNR00093,P,1,4,CJB,HYD,2023-12-06 06:47:00,2023-12-06 14:05:00,INV-ZZ-3590805,,
PNR00094,P,1,1,CJB,HYD,2023-12-06 06:47:00,2023-12-06 14:05:00,INV-ZZ-3590805,,
PNR00095,C,1,3,CJB,HYD,2023-12-06 06:47:00,2023-12-06 14:05:00,INV-ZZ-3590805,,
PNR00096,C,1,3,CJB,HYD,2023-12-06 06:47:00,2023-12-06 14:05:00,INV-ZZ-3590805,,
PNR00097,C,1,3,CJB,HYD,2023-12-06 06:47:00,2023-12-06 14:05:00,INV-ZZ-3590805,,
PNR00098,C,1,3,CJB,HYD,2023-12-06 06:47:00,2023-12-06 14:05:00,INV-ZZ-3590805,,
PNR00099,C,1,3,CJB,HYD,2023-12-06 06:47:00,2023-12-06 14:05:00,INV-ZZ-3590805,,
PNR00100,C,1,3,CJB,HYD,2023-12-06 06:47:00,2023-12-06 14:05:00,INV-ZZ-3590805,,
PNR00101,J,1,2,CJB,HYD,2023-12-06 06:47:00,2023-12-06 14:05:00,INV-ZZ-3590805,,
PNR00102,J,1,2,CJB,HYD,2023-12-06 06:47:00,2023-12-06 14:05:00,INV-ZZ-3590805,,
PNR00103,J,1,2,CJB,HYD,2023-12-06 06:47:00,2023-12-06 14:05:00,INV-ZZ-3590805,,
PNR00104,J,1,3,CJB,HYD,2023-12-06 06:47:00,2023-12-06 14:05:00,INV-ZZ-3590805,,
PNR00105,J,1,3,CJB,HYD,2023-12-06 06:47:00,2023-12-06 14:05:00,INV-ZZ-3590805,,
PNR00106,J,1,1,CJB,HYD,2023-12-06 06:47:00,2023-12-06 14:05:00,INV-ZZ-3590805,,
PNR00107,Z,1,2,CJB,HYD,2023-12-06 06:47:00,2023-12-06 14:05:00,INV-ZZ-3590805,,
PNR00108,Z,1,2,CJB,HYD,2023-12-06 06:47:00,2023-12-06 14:05:00,INV-ZZ-3590805,,
PNR00109,Z,1,3,CJB,HYD,2023-12-06 06:47:00,2023-12-06 14:05:00,INV-ZZ-3590805,,
PNR00110,Z,1,3,CJB,HYD,2023-12-06 06:47:00,2023-12-06 14:05:00,INV-ZZ-3590805,,
PNR00111,Z,1,2,CJB,HYD,2023-12-06 06:47:00,2023-12-06 14:05:00,INV-ZZ-3590805,,
PNR00112,Q,1,3,CJB,HYD,2023-12-06 06:47:00,2023-12-06 14:05:00,INV-ZZ-3590805,,
PNR00113,Q,1,3,CJB,HYD,2023-12-06 06:47:00,2023-12-06 14:05:00,INV-ZZ-3590805,,
PNR00114,Q,1,3,CJB,HYD,2023-12-06 06:47:00,2023-12-06 14:05:00,INV-ZZ-3590805,,
PNR00115,Q,1,3,CJB,HYD,2023-12-06 06:47:00,2023-12-06 14:05:00,INV-ZZ-3590805,,
PNR00116,Q,1,3,CJB,HYD,2023-12-06 06:47:00,2023-12-06 14:05:00,INV-ZZ-3590805,,
PNR00117,Q,1,3,CJB,HYD,2023-12-06 06:47:00,2023-12-06 14:05:00,INV-ZZ-3590805,,
PNR00118,Q,1,2,CJB,HYD,2023-12-06 06:47:00,2023-12-06 14:05:00,INV-ZZ-3590805,,
PNR00119,R,1,3,CJB,HYD,2023-12-06 06:47:00,2023-12-06 14:05:00,INV-ZZ-3590805,,
PNR00120,R,1,3,CJB,HYD,2023-12-06 06:47:00,2023-12-06 14:05:00,INV-ZZ-3590805,,
PNR00121,R,1,3,CJB,HYD,2023-12-06 06:47:00,2023-12-06 14:05:00,INV-ZZ-3590805,,
PNR00122,R,1,3,CJB,HYD,2023-12-06 06:47:00,2023-12-06 14:05:00,INV-ZZ-3590805,,
PNR00123,R,1,1,CJB,HYD,2023-12-06 06:47:00,2023-12-06 14:05:00,INV-ZZ-3590805,,
PNR00124,S,1,2,CJB,HYD,2023-12-06 06:47:00,2023-12-06 14:05:00,INV-ZZ-3590805,,
PNR00125,S,1,2,CJB,HYD,2023-12-06 06:47:00,2023-12-06 14:05:00,INV-ZZ-3590805,,
PNR00126,S,1,2,CJB,HYD,2023-12-06 06:47:00,2023-12-06 14:05:00,INV-ZZ-3590805,,
PNR00127,S,1,1,CJB,HYD,2023-12-06 06:47:00,2023-12-06 14:05:00,INV-ZZ-3590805,,
PNR00128,T,1,1,CJB,HYD,2023-12-06 06:47:00,2023-12-06 14:05:00,INV-ZZ-3590805,,
PNR00129,T,1,3,CJB,HYD,2023-12-06 06:47:00,2023-12-06 14:05:00,INV-ZZ-3590805,,
PNR00130,T,1,3,CJB,HYD,2023-12-06 06:47:00,2023-12-06 14:05:00,INV-ZZ-3590805,,
PNR00131,H,1,3,CJB,HYD,2023-12-06 06:47:00,2023-12-06 14:05:00,INV-ZZ-3590805,,
PNR00132,H,1,3,CJB,HYD,2023-12-06 06:47:00,2023-12-06 14:05:00,INV-ZZ-3590805,,
PNR00133,H,1,3,CJB,HYD,2023-12-06 06:47:00,2023-12-06 14:05:00,INV-ZZ-3590805,,
PNR00134,H,1,2,CJB,HYD,2023-12-06 06:47:00,2023-12-06 14:05:00,INV-ZZ-3590805,,
PNR00135,H,1,2,CJB,HYD,2023-12-06 06:47:00,2023-12-06 14:05:00,INV-ZZ-3590805,,
PNR00136,M,1,2,CJB,HYD,2023-12-06 06:47:00,2023-12-06 14:05:00,INV-ZZ-3590805,,
PNR00137,M,1,2,CJB,HYD,2023-12-06 06:47:00,2023-12-06 14:05:00,INV-ZZ-3590805,,
PNR00138,Y,1,2,CJB,HYD,2023-12-06 06:47:00,2023-12-06 14:05:00,INV-ZZ-3590805,,
PNR00139,Y,1,2,CJB,HYD,2023-12-06 06:47:00,2023-12-06 14:05:00,INV-ZZ-3590805,,
PNR00140,Y,1,2,CJB,HYD,2023-12-06 06:47:00,2023-12-06 14:05:00,INV-ZZ-3590805,,
PNR00141,Y,1,1,CJB,HYD,2023-12-06 06:47:00,2023-12-06 14:05:00,INV-ZZ-3590805,,
PNR00142,A,1,4,CJB,HYD,2023-12-06 06:47:00,2023-12-06 14:05:00,INV-ZZ-3590805,,
PNR00143,A,1,4,CJB,HYD,2023-12-06 06:47:00,2023-12-06 14:05:00,INV-ZZ-3590805,,
PNR00144,A,1,2,CJB,HYD,2023-12-06 06:47:00,2023-12-06 14:05:00,INV-ZZ-3590805,,
PNR00145,A,1,1,CJB,HYD,2023-12-06 06:47:00,2023-12-06 14:05:00,INV-ZZ-3590805,,
PNR00146,B,1,3,CJB,HYD,2023-12-06 06:47:00,2023-12-06 14:05:00,INV-ZZ-3590805,,
PNR00147,D,1,3,CJB,HYD,2023-12-06 06:47:00,2023-12-06 14:05:00,INV-ZZ-3590805,,
PNR00148,E,1,3,CJB,HYD,2023-12-06 06:47:00,2023-12-06 14:05:00,INV-ZZ-3590805,,
PNR00149,I,1,3,CJB,HYD,2023-12-06 06:47:00,2023-12-06 14:05:00,INV-ZZ-3590805,,
PNR00150,L,1,3,CJB,HYD,2023-12-06 06:47:00,2023-12-06 14:05:00,INV-ZZ-3590805,,
PNR00151,G,1,2,CJB,HYD,2023-12-06 06:47:00,2023-12-06 14:05:00,INV-ZZ-3590805,,
PNR00152,G,1,2,CJB,HYD,2023-12-06 06:47:00,2023-12-06 14:05:00,INV-ZZ-3590805,,
PNR00153,G,1,2,CJB,HYD,2023-12-06 06:47:00,2023-12-06 14:05:00,INV-ZZ-3590805,,
PNR00154,G,1,1,CJB,HYD,2023-12-06 06:47:00,2023-12-06 14:05:00,INV-ZZ-3590805,,
PNR00155,K,1,2,CJB,HYD,2023-12-06 06:47:00,2023-12-06 14:05:00,INV-ZZ-3590805,,
PNR00156,K,1,2,CJB,HYD,2023-12-06 06:47:00,2023-12-06 14:05:00,INV-ZZ-3590805,,
PNR00157,K,1,2,CJB,HYD,2023-12-06 06:47:00,2023-12-06 14:05:00,INV-ZZ-3590805,,
PNR00158,K,1,1,CJB,HYD,2023-12-06 06:47:00,2023-12-06 14:05:00,INV-ZZ-3590805,,
PNR00159,U,1,2,CJB,HYD,2023-12-06 06:47:00,2023-12-06 14:05:00,INV-ZZ-3590805,,
PNR00160,U,1,2,CJB,HYD,2023-12-06 06:47:00,2023-12-06 14:05:00,INV-ZZ-3590805,,
PNR00161,U,1,2,CJB,HYD,2023-12-06 06:47:00,2023-12-06 14:05:00,INV-ZZ-3590805,,
PNR00162,U,1,1,CJB,HYD,2023-12-06 06:47:00,2023-12-06 14:05:00,INV-ZZ-3590805,,
PNR00163,N,1,3,CJB,HYD,2023-12-06 06:47:00,2023-12-06 14:05:00,INV-ZZ-3590805,,
PNR00164,O,1,3,CJB,HYD,2023-12-06 06:47:00,2023-12-06 14:05:00,INV-ZZ-3590805,,
PNR00165,O,1,3,CJB,HYD,2023-12-06 06:47:00,2023-12-06 14:05:00,INV-ZZ-3590805,,
PNR00166,V,1,3,CJB,HYD,2023-12-06 06:47:00,2023-12-06 14:05:00,INV-ZZ-3590805,,
PNR00167,W,1,3,CJB,HYD,2023-12-06 06:47:00,2023-12-06 14:05:00,INV-ZZ-3590805,,
PNR00168,X,1,3,CJB,HYD,2023-12-06 06:47:00,2023-12-06 14:05:00,INV-ZZ-3590805,,
PNR00169,Y,1,2,CJB,HYD,2023-12-06 06:47:00,2023-12-06 14:05:00,INV-ZZ-3590805,,
PNR00170,Y,1,2,CJB,HYD,2023-12-06 06:47:00,2023-12-06 14:05:00,INV-ZZ-3590805,,
PNR00171,Y,1,2,CJB,HYD,2023-12-06 06:47:00,2023-12-06 14:05:00,INV-ZZ-3590805,,
PNR00172,Y,1,2,CJB,HYD,2023-12-06 06:47:00,2023-12-06 14:05:00,INV-ZZ-3590805,,
PNR00173,Y,1,2,CJB,HYD,2023-12-06 06:47:00,2023-12-06 14:05:00,INV-ZZ-3590805,,
PNR00174,Y,1,4,CJB,HYD,2023-12-06 06:47:00,2023-12-06 14:05:00,INV-ZZ-3590805,,
PNR00175,F,1,4,CNN,MAA,2023-12-07 04:37:00,2023-12-07 12:50:00,INV-ZZ-1373383,,
PNR00176,F,1,4,CNN,MAA,2023-12-07 04:37:00,2023-12-07 12:50:00,INV-ZZ-1373383,,
PNR00177,F,1,2,CNN,MAA,2023-12-07 04:37:00,2023-12-07 12:50:00,INV-ZZ-1373383,,
PNR00178,F,1,3,CNN,MAA,2023-12-07 04:37:00,2023-12-07 12:50:00,INV-ZZ-1373383,,
PNR00179,P,1,3,CNN,MAA,2023-12-07 04:37:00,2023-12-07 12:50:00,INV-ZZ-1373383,,
PNR00180,P,1,3,CNN,MAA,2023-12-07 04:37:00,2023-12-07 12:50:00,INV-ZZ-1373383,,
PNR00181,P,1,1,CNN,MAA,2023-12-07 04:37:00,2023-12-07 12:50:00,INV-ZZ-1373383,,
PNR00182,C,1,3,CNN,MAA,2023-12-07 04:37:00,2023-12-07 12:50:00,INV-ZZ-1373383,,
PNR00183,C,1,3,CNN,MAA,2023-12-07 04:37:00,2023-12-07 12:50:00,INV-ZZ-1373383,,
PNR00184,C,1,3,CNN,MAA,2023-12-07 04:37:00,2023-12-07 12:50:00,INV-ZZ-1373383,,
PNR00185,C,1,3,CNN,MAA,2023-12-07 04:37:00,2023-12-07 12:50:00,INV-ZZ-1373383,,
PNR00186,C,1,3,CNN,MAA,2023-12-07 04:37:00,2023-12-07 12:50:00,INV-ZZ-1373383,,
PNR00187,C,1,3,CNN,MAA,2023-12-07 04:37:00,2023-12-07 12:50:00,INV-ZZ-1373383,,
PNR00188,J,1,2,CNN,MAA,2023-12-07 04:37:00,2023-12-07 12:50:00,INV-ZZ-1373383,,
PNR00189,J,1,2,CNN,MAA,2023-12-07 04:37:00,2023-12-07 12:50:00,INV-ZZ-1373383,,
PNR00190,J,1,2,CNN,MAA,2023-12-07 04:37:00,2023-12-07 12:50:00,INV-ZZ-1373383,,
PNR00191,J,1,3,CNN,MAA,2023-12-07 04:37:00,2023-12-07 12:50:00,INV-ZZ-1373383,,
PNR00192,J,1,3,CNN,MAA,2023-12-07 04:37:00,2023-12-07 12:50:00,INV-ZZ-1373383,,
PNR00193,J,1,1,CNN,MAA,2023-12-07 04:37:00,2023-12-07 12:50:00,INV-ZZ-1373383,,
PNR00194,Z,1,2,CNN,MAA,2023-12-07 04:37:00,2023-12-07 12:50:00,INV-ZZ-1373383,,
PNR00195,Z,1,2,CNN,MAA,2023-12-07 04:37:00,2023-12-07 12:50:00,INV-ZZ-1373383,,
PNR00196,Z,1,3,CNN,MAA,2023-12-07 04:37:00,2023-12-07 12:50:00,INV-ZZ-1373383,,
PNR00197,Z,1,3,CNN,MAA,2023-12-07 04:37:00,2023-12-07 12:50:00,INV-ZZ-1373383,,
PNR00198,Z,1,2,CNN,MAA,2023-12-07 04:37:00,2023-12-07 12:50:00,INV-ZZ-1373383,,
PNR00199,Q,1,3,CNN,MAA,2023-12-07 04:37:00,2023-12-07 12:50:00,INV-ZZ-1373383,,
PNR00200,Q,1,3,CNN,MAA,2023-12-07 04:37:00,2023-12-07 12:50:00,INV-ZZ-1373383,,
PNR00201,Q,1,3,CNN,MAA,2023-12-07 04:37:00,2023-12-07 12:50:00,INV-ZZ-1373383,,
PNR00202,Q,1,3,CNN,MAA,2023-12-07 04:37:00,2023-12-07 12:50:00,INV-ZZ-1373383,,
PNR00203,Q,1,3,CNN,MAA,2023-12-07 04:37:00,2023-12-07 12:50:00,INV-ZZ-1373383,,
PNR00204,Q,1,3,CNN,MAA,2023-12-07 04:37:00,2023-12-07 12:50:00,INV-ZZ-1373383,,
PNR00205,Q,1,2,CNN,MAA,2023-12-07 04:37:00,2023-12-07 12:50:00,INV-ZZ-1373383,,
PNR00206,R,1,3,CNN,MAA,2023-12-07 04:37:00,2023-12-07 12:50:00,INV-ZZ-1373383,,
PNR00207,R,1,3,CNN,MAA,2023-12-07 04:37:00,2023-12-07 12:50:00,INV-ZZ-1373383,,
PNR00208,R,1,3,CNN,MAA,2023-12-07 04:37:00,2023-12-07 12:50:00,INV-ZZ-1373383,,
PNR00209,R,1,3,CNN,MAA,2023-12-07 04:37:00,2023-12-07 12:50:00,INV-ZZ-1373383,,
PNR00210,R,1,1,CNN,MAA,2023-12-07 04:37:00,2023-12-07 12:50:00,INV-ZZ-1373383,,
PNR00211,S,1,2,CNN,MAA,2023-12-07 04:37:00,2023-12-07 12:50:00,INV-ZZ-1373383,,
PNR00212,S,1,2,CNN,MAA,2023-12-07 04:37:00,2023-12-07 12:50:00,INV-ZZ-1373383,,
PNR00213,S,1,2,CNN,MAA,2023-12-07 04:37:00,2023-12-07 12:50:00,INV-ZZ-1373383,,
PNR00214,S,1,1,CNN,MAA,2023-12-07 04:37:00,2023-12-07 12:50:00,INV-ZZ-1373383,,
PNR00215,T,1,1,CNN,MAA,2023-12-07 04:37:00,2023-12-07 12:50:00,INV-ZZ-1373383,,
PNR00216,T,1,3,CNN,MAA,2023-12-07 04:37:00,2023-12-07 12:50:00,INV-ZZ-1373383,,
PNR00217,T,1,3,CNN,MAA,2023-12-07 04:37:00,2023-12-07 12:50:00,INV-ZZ-1373383,,
PNR00218,H,1,3,CNN,MAA,2023-12-07 04:37:00,2023-12-07 12:50:00,INV-ZZ-1373383,,
PNR00219,H,1,2,CNN,MAA,2023-12-07 04:37:00,2023-12-07 12:50:00,INV-ZZ-1373383,,
PNR00220,H,1,2,CNN,MAA,2023-12-07 04:37:00,2023-12-07 12:50:00,INV-ZZ-1373383,,
PNR00221,H,1,2,CNN,MAA,2023-12-07 04:37:00,2023-12-07 12:50:00,INV-ZZ-1373383,,
PNR00222,H,1,2,CNN,MAA,2023-12-07 04:37:00,2023-12-07 12:50:00,INV-ZZ-1373383,,
PNR00223,M,1,2,CNN,MAA,2023-12-07 04:37:00,2023-12-07 12:50:00,INV-ZZ-1373383,,
PNR00224,M,1,1,CNN,MAA,2023-12-07 04:37:00,2023-12-07 12:50:00,INV-ZZ-1373383,,
PNR00225,Y,1,2,CNN,MAA,2023-12-07 04:37:00,2023-12-07 12:50:00,INV-ZZ-1373383,,
PNR00226,Y,1,2,CNN,MAA,2023-12-07 04:37:00,2023-12-07 12:50:00,INV-ZZ-1373383,,
PNR00227,Y,1,2,CNN,MAA,2023-12-07 04:37:00,2023-12-07 12:50:00,INV-ZZ-1373383,,
PNR00228,Y,1,1,CNN,MAA,2023-12-07 04:37:00,2023-12-07 12:50:00,INV-ZZ-1373383,,
PNR00229,A,1,2,CNN,MAA,2023-12-07 04:37:00,2023-12-07 12:50:00,INV-ZZ-1373383,,
PNR00230,A,1,2,CNN,MAA,2023-12-07 04:37:00,2023-12-07 12:50:00,INV-ZZ-1373383,,
PNR00231,A,1,2,CNN,MAA,2023-12-07 04:37:00,2023-12-07 12:50:00,INV-ZZ-1373383,,
PNR00232,A,1,1,CNN,MAA,2023-12-07 04:37:00,2023-12-07 12:50:00,INV-ZZ-1373383,,
PNR00233,B,1,3,CNN,MAA,2023-12-07 04:37:00,2023-12-07 12:50:00,INV-ZZ-1373383,,
PNR00234,D,1,3,CNN,MAA,2023-12-07 04:37:00,2023-12-07 12:50:00,INV-ZZ-1373383,,
PNR00235,E,1,3,CNN,MAA,2023-12-07 04:37:00,2023-12-07 12:50:00,INV-ZZ-1373383,,
PNR00236,I,1,3,CNN,MAA,2023-12-07 04:37:00,2023-12-07 12:50:00,INV-ZZ-1373383,,
PNR00237,L,1,3,CNN,MAA,2023-12-07 04:37:00,2023-12-07 12:50:00,INV-ZZ-1373383,,
PNR00238,G,1,2,CNN,MAA,2023-12-07 04:37:00,2023-12-07 12:50:00,INV-ZZ-1373383,,
PNR00239,G,1,2,CNN,MAA,2023-12-07 04:37:00,2023-12-07 12:50:00,INV-ZZ-1373383,,
PNR00240,G,1,2,CNN,MAA,2023-12-07 04:37:00,2023-12-07 12:50:00,INV-ZZ-1373383,,
PNR00241,G,1,1,CNN,MAA,2023-12-07 04:37:00,2023-12-07 12:50:00,INV-ZZ-1373383,,
PNR00242,K,1,2,CNN,MAA,2023-12-07 04:37:00,2023-12-07 12:50:00,INV-ZZ-1373383,,
PNR00243,K,1,2,CNN,MAA,2023-12-07 04:37:00,2023-12-07 12:50:00,INV-ZZ-1373383,,
PNR00244,K,1,2,CNN,MAA,2023-12-07 04:37:00,2023-12-07 12:50:00,INV-ZZ-1373383,,
PNR00245,K,1,1,CNN,MAA,2023-12-07 04:37:00,2023-12-07 12:50:00,INV-ZZ-1373383,,
PNR00246,U,1,2,CNN,MAA,2023-12-07 04:37:00,2023-12-07 12:50:00,INV-ZZ-1373383,,
PNR00247,U,1,2,CNN,MAA,2023-12-07 04:37:00,2023-12-07 12:50:00,INV-ZZ-1373383,,
PNR00248,U,1,2,CNN,MAA,2023-12-07 04:37:00,2023-12-07 12:50:00,INV-ZZ-1373383,,
PNR00249,U,1,1,CNN,MAA,2023-12-07 04:37:00,2023-12-07 12:50:00,INV-ZZ-1373383,,
PNR00250,N,1,4,CNN,MAA,2023-12-07 04:37:00,2023-12-07 12:50:00,INV-ZZ-1373383,,
PNR00251,O,1,5,CNN,MAA,2023-12-07 04:37:00,2023-12-07 12:50:00,INV-ZZ-1373383,,
PNR00252,O,1,4,CNN,MAA,2023-12-07 04:37:00,2023-12-07 12:50:00,INV-ZZ-1373383,,
PNR00253,V,1,4,CNN,MAA,2023-12-07 04:37:00,2023-12-07 12:50:00,INV-ZZ-1373383,,
PNR00254,W,1,3,CNN,MAA,2023-12-07 04:37:00,2023-12-07 12:50:00,INV-ZZ-1373383,,
PNR00255,X,1,3,CNN,MAA,2023-12-07 04:37:00,2023-12-07 12:50:00,INV-ZZ-1373383,,
PNR00256,Y,1,2,CNN,MAA,2023-12-07 04:37:00,2023-12-07 12:50:00,INV-ZZ-1373383,,
PNR00257,Y,1,2,CNN,MAA,2023-12-07 04:37:00,2023-12-07 12:50:00,INV-ZZ-1373383,,
PNR00258,Y,1,2,CNN,MAA,2023-12-07 04:37:00,2023-12-07 12:50:00,INV-ZZ-1373383,,
PNR00259,Y,1,2,CNN,MAA,2023-12-07 04:37:00,2023-12-07 12:50:00,INV-ZZ-1373383,,
PNR00260,Y,1,2,CNN,MAA,2023-12-07 04:37:00,2023-12-07 12:50:00,INV-ZZ-1373383,,
PNR00261,Y,1,4,CNN,MAA,2023-12-07 04:37:00,2023-12-07 12:50:00,INV-ZZ-1373383,,
PNR00262,F,1,4,BOM,PAT,2023-12-09 10:23:00,2023-12-09 20:48:00,INV-ZZ-1232037,,
PNR00263,F,1,4,BOM,PAT,2023-12-09 10:23:00,2023-12-09 20:48:00,INV-ZZ-1232037,,
PNR00264,F,1,2,BOM,PAT,2023-12-09 10:23:00,2023-12-09 20:48:00,INV-ZZ-1232037,,
PNR00265,F,1,3,BOM,PAT,2023-12-09 10:23:00,2023-12-09 20:48:00,INV-ZZ-1232037,,
PNR00266,P,1,3,BOM,PAT,2023-12-09 10:23:00,2023-12-09 20:48:00,INV-ZZ-1232037,,
PNR00267,P,1,4,BOM,PAT,2023-12-09 10:23:00,2023-12-09 20:48:00,INV-ZZ-1232037,,
PNR00268,P,1,2,BOM,PAT,2023-12-09 10:23:00,2023-12-09 20:48:00,INV-ZZ-1232037,,
PNR00269,C,1,3,BOM,PAT,2023-12-09 10:23:00,2023-12-09 20:48:00,INV-ZZ-1232037,,
PNR00270,C,1,3,BOM,PAT,2023-12-09 10:23:00,2023-12-09 20:48:00,INV-ZZ-1232037,,
PNR00271,C,1,3,BOM,PAT,2023-12-09 10:23:00,2023-12-09 20:48:00,INV-ZZ-1232037,,
PNR00272,C,1,3,BOM,PAT,2023-12-09 10:23:00,2023-12-09 20:48:00,INV-ZZ-1232037,,
PNR00273,C,1,3,BOM,PAT,2023-12-09 10:23:00,2023-12-09 20:48:00,INV-ZZ-1232037,,
PNR00274,C,1,4,BOM,PAT,2023-12-09 10:23:00,2023-12-09 20:48:00,INV-ZZ-1232037,,
PNR00275,J,1,4,BOM,PAT,2023-12-09 10:23:00,2023-12-09 20:48:00,INV-ZZ-1232037,,
PNR00276,J,1,2,BOM,PAT,2023-12-09 10:23:00,2023-12-09 20:48:00,INV-ZZ-1232037,,
PNR00277,J,1,2,BOM,PAT,2023-12-09 10:23:00,2023-12-09 20:48:00,INV-ZZ-1232037,,
PNR00278,J,1,3,BOM,PAT,2023-12-09 10:23:00,2023-12-09 20:48:00,INV-ZZ-1232037,,
PNR00279,J,1,3,BOM,PAT,2023-12-09 10:23:00,2023-12-09 20:48:00,INV-ZZ-1232037,,
PNR00280,J,1,1,BOM,PAT,2023-12-09 10:23:00,2023-12-09 20:48:00,INV-ZZ-1232037,,
PNR00281,Z,1,2,BOM,PAT,2023-12-09 10:23:00,2023-12-09 20:48:00,INV-ZZ-1232037,,
PNR00282,Z,1,2,BOM,PAT,2023-12-09 10:23:00,2023-12-09 20:48:00,INV-ZZ-1232037,,
PNR00283,Z,1,3,BOM,PAT,2023-12-09 10:23:00,2023-12-09 20:48:00,INV-ZZ-1232037,,
PNR00284,Z,1,3,BOM,PAT,2023-12-09 10:23:00,2023-12-09 20:48:00,INV-ZZ-1232037,,
PNR00285,Z,1,2,BOM,PAT,2023-12-09 10:23:00,2023-12-09 20:48:00,INV-ZZ-1232037,,
PNR00286,Q,1,3,BOM,PAT,2023-12-09 10:23:00,2023-12-09 20:48:00,INV-ZZ-1232037,,
PNR00287,Q,1,3,BOM,PAT,2023-12-09 10:23:00,2023-12-09 20:48:00,INV-ZZ-1232037,,
PNR00288,Q,1,3,BOM,PAT,2023-12-09 10:23:00,2023-12-09 20:48:00,INV-ZZ-1232037,,
PNR00289,Q,1,3,BOM,PAT,2023-12-09 10:23:00,2023-12-09 20:48:00,INV-ZZ-1232037,,
PNR00290,Q,1,3,BOM,PAT,2023-12-09 10:23:00,2023-12-09 20:48:00,INV-ZZ-1232037,,
PNR00291,Q,1,3,BOM,PAT,2023-12-09 10:23:00,2023-12-09 20:48:00,INV-ZZ-1232037,,
PNR00292,Q,1,2,BOM,PAT,2023-12-09 10:23:00,2023-12-09 20:48:00,INV-ZZ-1232037,,
PNR00293,R,1,3,BOM,PAT,2023-12-09 10:23:00,2023-12-09 20:48:00,INV-ZZ-1232037,,
PNR00294,R,1,3,BOM,PAT,2023-12-09 10:23:00,2023-12-09 20:48:00,INV-ZZ-1232037,,
PNR00295,R,1,3,BOM,PAT,2023-12-09 10:23:00,2023-12-09 20:48:00,INV-ZZ-1232037,,
PNR00296,R,1,3,BOM,PAT,2023-12-09 10:23:00,2023-12-09 20:48:00,INV-ZZ-1232037,,
PNR00297,R,1,1,BOM,PAT,2023-12-09 10:23:00,2023-12-09 20:48:00,INV-ZZ-1232037,,
PNR00298,S,1,2,BOM,PAT,2023-12-09 10:23:00,2023-12-09 20:48:00,INV-ZZ-1232037,,
PNR00299,S,1,2,BOM,PAT,2023-12-09 10:23:00,2023-12-09 20:48:00,INV-ZZ-1232037,,
PNR00300,S,1,2,BOM,PAT,2023-12-09 10:23:00,2023-12-09 20:48:00,INV-ZZ-1232037,,
PNR00301,S,1,1,BOM,PAT,2023-12-09 10:23:00,2023-12-09 20:48:00,INV-ZZ-1232037,,
PNR00302,T,1,1,BOM,PAT,2023-12-09 10:23:00,2023-12-09 20:48:00,INV-ZZ-1232037,,
PNR00303,T,1,3,BOM,PAT,2023-12-09 10:23:00,2023-12-09 20:48:00,INV-ZZ-1232037,,
PNR00304,T,1,3,BOM,PAT,2023-12-09 10:23:00,2023-12-09 20:48:00,INV-ZZ-1232037,,
PNR00305,H,1,3,BOM,PAT,2023-12-09 10:23:00,2023-12-09 20:48:00,INV-ZZ-1232037,,
PNR00306,H,1,3,BOM,PAT,2023-12-09 10:23:00,2023-12-09 20:48:00,INV-ZZ-1232037,,
PNR00307,H,1,3,BOM,PAT,2023-12-09 10:23:00,2023-12-09 20:48:00,INV-ZZ-1232037,,
PNR00308,H,1,2,BOM,PAT,2023-12-09 10:23:00,2023-12-09 20:48:00,INV-ZZ-1232037,,
PNR00309,H,1,2,BOM,PAT,2023-12-09 10:23:00,2023-12-09 20:48:00,INV-ZZ-1232037,,
PNR00310,M,1,2,BOM,PAT,2023-12-09 10:23:00,2023-12-09 20:48:00,INV-ZZ-1232037,,
PNR00311,M,1,2,BOM,PAT,2023-12-09 10:23:00,2023-12-09 20:48:00,INV-ZZ-1232037,,
PNR00312,Y,1,2,BOM,PAT,2023-12-09 10:23:00,2023-12-09 20:48:00,INV-ZZ-1232037,,
PNR00313,Y,1,2,BOM,PAT,2023-12-09 10:23:00,2023-12-09 20:48:00,INV-ZZ-1232037,,
PNR00314,Y,1,2,BOM,PAT,2023-12-09 10:23:00,2023-12-09 20:48:00,INV-ZZ-1232037,,
PNR00315,Y,1,1,BOM,PAT,2023-12-09 10:23:00,2023-12-09 20:48:00,INV-ZZ-1232037,,
PNR00316,A,1,2,BOM,PAT,2023-12-09 10:23:00,2023-12-09 20:48:00,INV-ZZ-1232037,,
PNR00317,A,1,2,BOM,PAT,2023-12-09 10:23:00,2023-12-09 20:48:00,INV-ZZ-1232037,,
PNR00318,A,1,2,BOM,PAT,2023-12-09 10:23:00,2023-12-09 20:48:00,INV-ZZ-1232037,,
PNR00319,A,1,1,BOM,PAT,2023-12-09 10:23:00,2023-12-09 20:48:00,INV-ZZ-1232037,,
PNR00320,B,1,3,BOM,PAT,2023-12-09 10:23:00,2023-12-09 20:48:00,INV-ZZ-1232037,,
PNR00321,D,1,3,BOM,PAT,2023-12-09 10:23:00,2023-12-09 20:48:00,INV-ZZ-1232037,,
PNR00322,E,1,3,BOM,PAT,2023-12-09 10:23:00,2023-12-09 20:48:00,INV-ZZ-1232037,,
PNR00323,I,1,3,BOM,PAT,2023-12-09 10:23:00,2023-12-09 20:48:00,INV-ZZ-1232037,,
PNR00324,L,1,3,BOM,PAT,2023-12-09 10:23:00,2023-12-09 20:48:00,INV-ZZ-1232037,,
PNR00325,G,1,2,BOM,PAT,2023-12-09 10:23:00,2023-12-09 20:48:00,INV-ZZ-1232037,,
PNR00326,G,1,2,BOM,PAT,2023-12-09 10:23:00,2023-12-09 20:48:00,INV-ZZ-1232037,,
PNR00327,G,1,2,BOM,PAT,2023-12-09 10:23:00,2023-12-09 20:48:00,INV-ZZ-1232037,,
PNR00328,G,1,1,BOM,PAT,2023-12-09 10:23:00,2023-12-09 20:48:00,INV-ZZ-1232037,,
PNR00329,K,1,2,BOM,PAT,2023-12-09 10:23:00,2023-12-09 20:48:00,INV-ZZ-1232037,,
PNR00330,K,1,2,BOM,PAT,2023-12-09 10:23:00,2023-12-09 20:48:00,INV-ZZ-1232037,,
PNR00331,K,1,2,BOM,PAT,2023-12-09 10:23:00,2023-12-09 20:48:00,INV-ZZ-1232037,,
PNR00332,K,1,1,BOM,PAT,2023-12-09 10:23:00,2023-12-09 20:48:00,INV-ZZ-1232037,,
PNR00333,U,1,2,BOM,PAT,2023-12-09 10:23:00,2023-12-09 20:48:00,INV-ZZ-1232037,,
PNR00334,U,1,4,BOM,PAT,2023-12-09 10:23:00,2023-12-09 20:48:00,INV-ZZ-1232037,,
PNR00335,U,1,2,BOM,PAT,2023-12-09 10:23:00,2023-12-09 20:48:00,INV-ZZ-1232037,,
PNR00336,U,1,3,BOM,PAT,2023-12-09 10:23:00,2023-12-09 20:48:00,INV-ZZ-1232037,,
PNR00337,N,1,3,BOM,PAT,2023-12-09 10:23:00,2023-12-09 20:48:00,INV-ZZ-1232037,,
PNR00338,O,1,3,BOM,PAT,2023-12-09 10:23:00,2023-12-09 20:48:00,INV-ZZ-1232037,,
PNR00339,O,1,3,BOM,PAT,2023-12-09 10:23:00,2023-12-09 20:48:00,INV-ZZ-1232037,,
PNR00340,V,1,3,BOM,PAT,2023-12-09 10:23:00,2023-12-09 20:48:00,INV-ZZ-1232037,,
PNR00341,W,1,3,BOM,PAT,2023-12-09 10:23:00,2023-12-09 20:48:00,INV-ZZ-1232037,,
PNR00342,X,1,3,BOM,PAT,2023-12-09 10:23:00,2023-12-09 20:48:00,INV-ZZ-1232037,,
PNR00343,Y,1,4,BOM,PAT,2023-12-09 10:23:00,2023-12-09 20:48:00,INV-ZZ-1232037,,
PNR00344,Y,1,2,BOM,PAT,2023-12-09 10:23:00,2023-12-09 20:48:00,INV-ZZ-1232037,,
PNR00345,Y,1,2,BOM,PAT,2023-12-09 10:23:00,2023-12-09 20:48:00,INV-ZZ-1232037,,
PNR00346,Y,1,2,BOM,PAT,2023-12-09 10:23:00,2023-12-09 20:48:00,INV-ZZ-1232037,,
PNR00347,Y,1,2,BOM,PAT,2023-12-09 10:23:00,2023-12-09 20:48:00,INV-ZZ-1232037,,
PNR00348,Y,1,4,BOM,PAT,2023-12-09 10:23:00,2023-12-09 20:48:00,INV-ZZ-1232037,,
PNR00349,F,1,4,JAI,CJB,2023-12-09 16:53:00,2023-12-09 21:53:00,INV-ZZ-5504437,,
PNR00350,F,1,4,JAI,CJB,2023-12-09 16:53:00,2023-12-09 21:53:00,INV-ZZ-5504437,,
PNR00351,F,1,2,JAI,CJB,2023-12-09 16:53:00,2023-12-09 21:53:00,INV-ZZ-5504437,,
PNR00352,F,1,3,JAI,CJB,2023-12-09 16:53:00,2023-12-09 21:53:00,INV-ZZ-5504437,,
PNR00353,P,1,3,JAI,CJB,2023-12-09 16:53:00,2023-12-09 21:53:00,INV-ZZ-5504437,,
PNR00354,P,1,4,JAI,CJB,2023-12-09 16:53:00,2023-12-09 21:53:00,INV-ZZ-5504437,,
PNR00355,P,1,1,JAI,CJB,2023-12-09 16:53:00,2023-12-09 21:53:00,INV-ZZ-5504437,,
PNR00356,C,1,3,JAI,CJB,2023-12-09 16:53:00,2023-12-09 21:53:00,INV-ZZ-5504437,,
PNR00357,C,1,3,JAI,CJB,2023-12-09 16:53:00,2023-12-09 21:53:00,INV-ZZ-5504437,,
PNR00358,C,1,3,JAI,CJB,2023-12-09 16:53:00,2023-12-09 21:53:00,INV-ZZ-5504437,,
PNR00359,C,1,3,JAI,CJB,2023-12-09 16:53:00,2023-12-09 21:53:00,INV-ZZ-5504437,,
PNR00360,C,1,3,JAI,CJB,2023-12-09 16:53:00,2023-12-09 21:53:00,INV-ZZ-5504437,,
PNR00361,C,1,3,JAI,CJB,2023-12-09 16:53:00,2023-12-09 21:53:00,INV-ZZ-5504437,,
PNR00362,J,1,2,JAI,CJB,2023-12-09 16:53:00,2023-12-09 21:53:00,INV-ZZ-5504437,,
PNR00363,J,1,2,JAI,CJB,2023-12-09 16:53:00,2023-12-09 21:53:00,INV-ZZ-5504437,,
PNR00364,J,1,2,JAI,CJB,2023-12-09 16:53:00,2023-12-09 21:53:00,INV-ZZ-5504437,,
PNR00365,J,1,3,JAI,CJB,2023-12-09 16:53:00,2023-12-09 21:53:00,INV-ZZ-5504437,,
PNR00366,J,1,3,JAI,CJB,2023-12-09 16:53:00,2023-12-09 21:53:00,INV-ZZ-5504437,,
PNR00367,J,1,1,JAI,CJB,2023-12-09 16:53:00,2023-12-09 21:53:00,INV-ZZ-5504437,,
PNR00368,Z,1,2,JAI,CJB,2023-12-09 16:53:00,2023-12-09 21:53:00,INV-ZZ-5504437,,
PNR00369,Z,1,2,JAI,CJB,2023-12-09 16:53:00,2023-12-09 21:53:00,INV-ZZ-5504437,,
PNR00370,Z,1,1,JAI,CJB,2023-12-09 16:53:00,2023-12-09 21:53:00,INV-ZZ-5504437,,
PNR00371,Z,1,3,JAI,CJB,2023-12-09 16:53:00,2023-12-09 21:53:00,INV-ZZ-5504437,,
PNR00372,Z,1,2,JAI,CJB,2023-12-09 16:53:00,2023-12-09 21:53:00,INV-ZZ-5504437,,
PNR00373,Q,1,3,JAI,CJB,2023-12-09 16:53:00,2023-12-09 21:53:00,INV-ZZ-5504437,,
PNR00374,Q,1,3,JAI,CJB,2023-12-09 16:53:00,2023-12-09 21:53:00,INV-ZZ-5504437,,
PNR00375,Q,1,3,JAI,CJB,2023-12-09 16:53:00,2023-12-09 21:53:00,INV-ZZ-5504437,,
PNR00376,Q,1,3,JAI,CJB,2023-12-09 16:53:00,2023-12-09 21:53:00,INV-ZZ-5504437,,
PNR00377,Q,1,3,JAI,CJB,2023-12-09 16:53:00,2023-12-09 21:53:00,INV-ZZ-5504437,,
PNR00378,Q,1,3,JAI,CJB,2023-12-09 16:53:00,2023-12-09 21:53:00,INV-ZZ-5504437,,
PNR00379,Q,1,2,JAI,CJB,2023-12-09 16:53:00,2023-12-09 21:53:00,INV-ZZ-5504437,,
PNR00380,R,1,3,JAI,CJB,2023-12-09 16:53:00,2023-12-09 21:53:00,INV-ZZ-5504437,,
PNR00381,R,1,3,JAI,CJB,2023-12-09 16:53:00,2023-12-09 21:53:00,INV-ZZ-5504437,,
PNR00382,R,1,3,JAI,CJB,2023-12-09 16:53:00,2023-12-09 21:53:00,INV-ZZ-5504437,,
PNR00383,R,1,3,JAI,CJB,2023-12-09 16:53:00,2023-12-09 21:53:00,INV-ZZ-5504437,,
PNR00384,R,1,1,JAI,CJB,2023-12-09 16:53:00,2023-12-09 21:53:00,INV-ZZ-5504437,,
PNR00385,S,1,2,JAI,CJB,2023-12-09 16:53:00,2023-12-09 21:53:00,INV-ZZ-5504437,,
PNR00386,S,1,2,JAI,CJB,2023-12-09 16:53:00,2023-12-09 21:53:00,INV-ZZ-5504437,,
PNR00387,S,1,2,JAI,CJB,2023-12-09 16:53:00,2023-12-09 21:53:00,INV-ZZ-5504437,,
PNR00388,S,1,1,JAI,CJB,2023-12-09 16:53:00,2023-12-09 21:53:00,INV-ZZ-5504437,,
PNR00389,T,1,1,JAI,CJB,2023-12-09 16:53:00,2023-12-09 21:53:00,INV-ZZ-5504437,,
PNR00390,T,1,3,JAI,CJB,2023-12-09 16:53:00,2023-12-09 21:53:00,INV-ZZ-5504437,,
PNR00391,T,1,3,JAI,CJB,2023-12-09 16:53:00,2023-12-09 21:53:00,INV-ZZ-5504437,,
PNR00392,H,1,3,JAI,CJB,2023-12-09 16:53:00,2023-12-09 21:53:00,INV-ZZ-5504437,,
PNR00393,H,1,3,JAI,CJB,2023-12-09 16:53:00,2023-12-09 21:53:00,INV-ZZ-5504437,,
PNR00394,H,1,3,JAI,CJB,2023-12-09 16:53:00,2023-12-09 21:53:00,INV-ZZ-5504437,,
PNR00395,H,1,2,JAI,CJB,2023-12-09 16:53:00,2023-12-09 21:53:00,INV-ZZ-5504437,,
PNR00396,H,1,2,JAI,CJB,2023-12-09 16:53:00,2023-12-09 21:53:00,INV-ZZ-5504437,,
PNR00397,M,1,2,JAI,CJB,2023-12-09 16:53:00,2023-12-09 21:53:00,INV-ZZ-5504437,,
PNR00398,M,1,1,JAI,CJB,2023-12-09 16:53:00,2023-12-09 21:53:00,INV-ZZ-5504437,,
PNR00399,Y,1,2,JAI,CJB,2023-12-09 16:53:00,2023-12-09 21:53:00,INV-ZZ-5504437,,
PNR00400,Y,1,2,JAI,CJB,2023-12-09 16:53:00,2023-12-09 21:53:00,INV-ZZ-5504437,,
PNR00401,Y,1,2,JAI,CJB,2023-12-09 16:53:00,2023-12-09 21:53:00,INV-ZZ-5504437,,
PNR00402,Y,1,1,JAI,CJB,2023-12-09 16:53:00,2023-12-09 21:53:00,INV-ZZ-5504437,,
PNR00403,A,1,2,JAI,CJB,2023-12-09 16:53:00,2023-12-09 21:53:00,INV-ZZ-5504437,,
PNR00404,A,1,2,JAI,CJB,2023-12-09 16:53:00,2023-12-09 21:53:00,INV-ZZ-5504437,,
PNR00405,A,1,2,JAI,CJB,2023-12-09 16:53:00,2023-12-09 21:53:00,INV-ZZ-5504437,,
PNR00406,A,1,1,JAI,CJB,2023-12-09 16:53:00,2023-12-09 21:53:00,INV-ZZ-5504437,,
PNR00407,B,1,3,JAI,CJB,2023-12-09 16:53:00,2023-12-09 21:53:00,INV-ZZ-5504437,,
PNR00408,D,1,3,JAI,CJB,2023-12-09 16:53:00,2023-12-09 21:53:00,INV-ZZ-5504437,,
PNR00409,E,1,3,JAI,CJB,2023-12-09 16:53:00,2023-12-09 21:53:00,INV-ZZ-5504437,,
PNR00410,I,1,3,JAI,CJB,2023-12-09 16:53:00,2023-12-09 21:53:00,INV-ZZ-5504437,,
PNR00411,L,1,3,JAI,CJB,2023-12-09 16:53:00,2023-12-09 21:53:00,INV-ZZ-5504437,,
PNR00412,G,1,2,JAI,CJB,2023-12-09 16:53:00,2023-12-09 21:53:00,INV-ZZ-5504437,,
PNR00413,G,1,2,JAI,CJB,2023-12-09 16:53:00,2023-12-09 21:53:00,INV-ZZ-5504437,,
PNR00414,G,1,2,JAI,CJB,2023-12-09 16:53:00,2023-12-09 21:53:00,INV-ZZ-5504437,,
PNR00415,G,1,1,JAI,CJB,2023-12-09 16:53:00,2023-12-09 21:53:00,INV-ZZ-5504437,,
PNR00416,K,1,2,JAI,CJB,2023-12-09 16:53:00,2023-12-09 21:53:00,INV-ZZ-5504437,,
PNR00417,K,1,2,JAI,CJB,2023-12-09 16:53:00,2023-12-09 21:53:00,INV-ZZ-5504437,,
PNR00418,K,1,2,JAI,CJB,2023-12-09 16:53:00,2023-12-09 21:53:00,INV-ZZ-5504437,,
PNR00419,K,1,1,JAI,CJB,2023-12-09 16:53:00,2023-12-09 21:53:00,INV-ZZ-5504437,,
PNR00420,U,1,2,JAI,CJB,2023-12-09 16:53:00,2023-12-09 21:53:00,INV-ZZ-5504437,,
PNR00421,U,1,2,JAI,CJB,2023-12-09 16:53:00,2023-12-09 21:53:00,INV-ZZ-5504437,,
PNR00422,U,1,2,JAI,CJB,2023-12-09 16:53:00,2023-12-09 21:53:00,INV-ZZ-5504437,,
PNR00423,U,1,1,JAI,CJB,2023-12-09 16:53:00,2023-12-09 21:53:00,INV-ZZ-5504437,,
PNR00424,N,1,3,JAI,CJB,2023-12-09 16:53:00,2023-12-09 21:53:00,INV-ZZ-5504437,,
PNR00425,O,1,3,JAI,CJB,2023-12-09 16:53:00,2023-12-09 21:53:00,INV-ZZ-5504437,,
PNR00426,O,1,3,JAI,CJB,2023-12-09 16:53:00,2023-12-09 21:53:00,INV-ZZ-5504437,,
PNR00427,V,1,3,JAI,CJB,2023-12-09 16:53:00,2023-12-09 21:53:00,INV-ZZ-5504437,,
PNR00428,W,1,4,JAI,CJB,2023-12-09 16:53:00,2023-12-09 21:53:00,INV-ZZ-5504437,,
PNR00429,X,1,3,JAI,CJB,2023-12-09 16:53:00,2023-12-09 21:53:00,INV-ZZ-5504437,,
PNR00430,Y,1,2,JAI,CJB,2023-12-09 16:53:00,2023-12-09 21:53:00,INV-ZZ-5504437,,
PNR00431,Y,1,2,JAI,CJB,2023-12-09 16:53:00,2023-12-09 21:53:00,INV-ZZ-5504437,,
PNR00432,Y,1,2,JAI,CJB,2023-12-09 16:53:00,2023-12-09 21:53:00,INV-ZZ-5504437,,
PNR00433,Y,1,2,JAI,CJB,2023-12-09 16:53:00,2023-12-09 21:53:00,INV-ZZ-5504437,,
PNR00434,Y,1,2,JAI,CJB,2023-12-09 16:53:00,2023-12-09 21:53:00,INV-ZZ-5504437,,
PNR00435,Y,1,4,JAI,CJB,2023-12-09 16:53:00,2023-12-09 21:53:00,INV-ZZ-5504437,,
PNR00436,F,1,4,MAA,DEL,2023-12-09 01:17:00,2023-12-09 12:16:00,INV-ZZ-8235676,,
PNR00437,F,1,4,MAA,DEL,2023-12-09 01:17:00,2023-12-09 12:16:00,INV-ZZ-8235676,,
PNR00177,F,2,2,MAA,DEL,2023-12-09 01:17:00,2023-12-09 12:16:00,INV-ZZ-8235676,,
PNR00178,F,2,3,MAA,DEL,2023-12-09 01:17:00,2023-12-09 12:16:00,INV-ZZ-8235676,,
PNR00179,P,2,3,MAA,DEL,2023-12-09 01:17:00,2023-12-09 12:16:00,INV-ZZ-8235676,,
PNR00441,P,1,3,MAA,DEL,2023-12-09 01:17:00,2023-12-09 12:16:00,INV-ZZ-8235676,,
PNR00442,P,1,1,MAA,DEL,2023-12-09 01:17:00,2023-12-09 12:16:00,INV-ZZ-8235676,,
PNR00443,C,1,3,MAA,DEL,2023-12-09 01:17:00,2023-12-09 12:16:00,INV-ZZ-8235676,,
PNR00444,C,1,3,MAA,DEL,2023-12-09 01:17:00,2023-12-09 12:16:00,INV-ZZ-8235676,,
PNR00445,C,1,3,MAA,DEL,2023-12-09 01:17:00,2023-12-09 12:16:00,INV-ZZ-8235676,,
PNR00446,C,1,2,MAA,DEL,2023-12-09 01:17:00,2023-12-09 12:16:00,INV-ZZ-8235676,,
PNR00447,C,1,3,MAA,DEL,2023-12-09 01:17:00,2023-12-09 12:16:00,INV-ZZ-8235676,,
PNR00448,C,1,3,MAA,DEL,2023-12-09 01:17:00,2023-12-09 12:16:00,INV-ZZ-8235676,,
PNR00449,J,1,2,MAA,DEL,2023-12-09 01:17:00,2023-12-09 12:16:00,INV-ZZ-8235676,,
PNR00450,J,1,2,MAA,DEL,2023-12-09 01:17:00,2023-12-09 12:16:00,INV-ZZ-8235676,,
PNR00451,J,1,2,MAA,DEL,2023-12-09 01:17:00,2023-12-09 12:16:00,INV-ZZ-8235676,,
PNR00452,J,1,3,MAA,DEL,2023-12-09 01:17:00,2023-12-09 12:16:00,INV-ZZ-8235676,,
PNR00453,J,1,3,MAA,DEL,2023-12-09 01:17:00,2023-12-09 12:16:00,INV-ZZ-8235676,,
PNR00454,J,1,1,MAA,DEL,2023-12-09 01:17:00,2023-12-09 12:16:00,INV-ZZ-8235676,,
PNR00455,Z,1,2,MAA,DEL,2023-12-09 01:17:00,2023-12-09 12:16:00,INV-ZZ-8235676,,
PNR00456,Z,1,2,MAA,DEL,2023-12-09 01:17:00,2023-12-09 12:16:00,INV-ZZ-8235676,,
PNR00457,Z,1,3,MAA,DEL,2023-12-09 01:17:00,2023-12-09 12:16:00,INV-ZZ-8235676,,
PNR00458,Z,1,3,MAA,DEL,2023-12-09 01:17:00,2023-12-09 12:16:00,INV-ZZ-8235676,,
PNR00459,Z,1,2,MAA,DEL,2023-12-09 01:17:00,2023-12-09 12:16:00,INV-ZZ-8235676,,
PNR00460,Q,1,3,MAA,DEL,2023-12-09 01:17:00,2023-12-09 12:16:00,INV-ZZ-8235676,,
PNR00461,Q,1,3,MAA,DEL,2023-12-09 01:17:00,2023-12-09 12:16:00,INV-ZZ-8235676,,
PNR00462,Q,1,3,MAA,DEL,2023-12-09 01:17:00,2023-12-09 12:16:00,INV-ZZ-8235676,,
PNR00463,Q,1,3,MAA,DEL,2023-12-09 01:17:00,2023-12-09 12:16:00,INV-ZZ-8235676,,
PNR00464,Q,1,3,MAA,DEL,2023-12-09 01:17:00,2023-12-09 12:16:00,INV-ZZ-8235676,,
PNR00465,Q,1,3,MAA,DEL,2023-12-09 01:17:00,2023-12-09 12:16:00,INV-ZZ-8235676,,
PNR00466,Q,1,2,MAA,DEL,2023-12-09 01:17:00,2023-12-09 12:16:00,INV-ZZ-8235676,,
PNR00467,R,1,3,MAA,DEL,2023-12-09 01:17:00,2023-12-09 12:16:00,INV-ZZ-8235676,,
PNR00468,R,1,3,MAA,DEL,2023-12-09 01:17:00,2023-12-09 12:16:00,INV-ZZ-8235676,,
PNR00469,R,1,3,MAA,DEL,2023-12-09 01:17:00,2023-12-09 12:16:00,INV-ZZ-8235676,,
PNR00470,R,1,3,MAA,DEL,2023-12-09 01:17:00,2023-12-09 12:16:00,INV-ZZ-8235676,,
PNR00471,R,1,1,MAA,DEL,2023-12-09 01:17:00,2023-12-09 12:16:00,INV-ZZ-8235676,,
PNR00472,S,1,2,MAA,DEL,2023-12-09 01:17:00,2023-12-09 12:16:00,INV-ZZ-8235676,,
PNR00473,S,1,2,MAA,DEL,2023-12-09 01:17:00,2023-12-09 12:16:00,INV-ZZ-8235676,,
PNR00474,S,1,2,MAA,DEL,2023-12-09 01:17:00,2023-12-09 12:16:00,INV-ZZ-8235676,,
PNR00475,S,1,1,MAA,DEL,2023-12-09 01:17:00,2023-12-09 12:16:00,INV-ZZ-8235676,,
PNR00476,T,1,1,MAA,DEL,2023-12-09 01:17:00,2023-12-09 12:16:00,INV-ZZ-8235676,,
PNR00042,T,2,3,MAA,DEL,2023-12-09 01:17:00,2023-12-09 12:16:00,INV-ZZ-8235676,,
PNR00043,T,2,3,MAA,DEL,2023-12-09 01:17:00,2023-12-09 12:16:00,INV-ZZ-8235676,,
PNR00044,H,2,3,MAA,DEL,2023-12-09 01:17:00,2023-12-09 12:16:00,INV-ZZ-8235676,,
PNR00045,H,2,3,MAA,DEL,2023-12-09 01:17:00,2023-12-09 12:16:00,INV-ZZ-8235676,,
PNR00481,H,1,1,MAA,DEL,2023-12-09 01:17:00,2023-12-09 12:16:00,INV-ZZ-8235676,,
PNR00482,H,1,2,MAA,DEL,2023-12-09 01:17:00,2023-12-09 12:16:00,INV-ZZ-8235676,,
PNR00483,H,1,2,MAA,DEL,2023-12-09 01:17:00,2023-12-09 12:16:00,INV-ZZ-8235676,,
PNR00484,M,1,2,MAA,DEL,2023-12-09 01:17:00,2023-12-09 12:16:00,INV-ZZ-8235676,,
PNR00485,M,1,1,MAA,DEL,2023-12-09 01:17:00,2023-12-09 12:16:00,INV-ZZ-8235676,,
PNR00486,Y,1,2,MAA,DEL,2023-12-09 01:17:00,2023-12-09 12:16:00,INV-ZZ-8235676,,
PNR00487,Y,1,2,MAA,DEL,2023-12-09 01:17:00,2023-12-09 12:16:00,INV-ZZ-8235676,,
PNR00488,Y,1,2,MAA,DEL,2023-12-09 01:17:00,2023-12-09 12:16:00,INV-ZZ-8235676,,
PNR00489,Y,1,1,MAA,DEL,2023-12-09 01:17:00,2023-12-09 12:16:00,INV-ZZ-8235676,,
PNR00490,A,1,2,MAA,DEL,2023-12-09 01:17:00,2023-12-09 12:16:00,INV-ZZ-8235676,,
PNR00491,A,1,2,MAA,DEL,2023-12-09 01:17:00,2023-12-09 12:16:00,INV-ZZ-8235676,,
PNR00492,A,1,2,MAA,DEL,2023-12-09 01:17:00,2023-12-09 12:16:00,INV-ZZ-8235676,,
PNR00493,A,1,1,MAA,DEL,2023-12-09 01:17:00,2023-12-09 12:16:00,INV-ZZ-8235676,,
PNR00494,B,1,3,MAA,DEL,2023-12-09 01:17:00,2023-12-09 12:16:00,INV-ZZ-8235676,,
PNR00495,D,1,3,MAA,DEL,2023-12-09 01:17:00,2023-12-09 12:16:00,INV-ZZ-8235676,,
PNR00496,E,1,3,MAA,DEL,2023-12-09 01:17:00,2023-12-09 12:16:00,INV-ZZ-8235676,,
PNR00497,E,1,3,MAA,DEL,2023-12-09 01:17:00,2023-12-09 12:16:00,INV-ZZ-8235676,,
PNR00498,E,1,4,MAA,DEL,2023-12-09 01:17:00,2023-12-09 12:16:00,INV-ZZ-8235676,,
PNR00499,I,1,3,MAA,DEL,2023-12-09 01:17:00,2023-12-09 12:16:00,INV-ZZ-8235676,,
PNR00500,L,1,3,MAA,DEL,2023-12-09 01:17:00,2023-12-09 12:16:00,INV-ZZ-8235676,,
PNR00501,G,1,2,MAA,DEL,2023-12-09 01:17:00,2023-12-09 12:16:00,INV-ZZ-8235676,,
PNR00502,G,1,2,MAA,DEL,2023-12-09 01:17:00,2023-12-09 12:16:00,INV-ZZ-8235676,,
PNR00503,G,1,2,MAA,DEL,2023-12-09 01:17:00,2023-12-09 12:16:00,INV-ZZ-8235676,,
PNR00504,G,1,1,MAA,DEL,2023-12-09 01:17:00,2023-12-09 12:16:00,INV-ZZ-8235676,,
PNR00505,K,1,2,MAA,DEL,2023-12-09 01:17:00,2023-12-09 12:16:00,INV-ZZ-8235676,,
PNR00506,K,1,2,MAA,DEL,2023-12-09 01:17:00,2023-12-09 12:16:00,INV-ZZ-8235676,,
PNR00507,K,1,2,MAA,DEL,2023-12-09 01:17:00,2023-12-09 12:16:00,INV-ZZ-8235676,,
PNR00245,K,2,1,MAA,DEL,2023-12-09 01:17:00,2023-12-09 12:16:00,INV-ZZ-8235676,,
PNR00246,U,2,2,MAA,DEL,2023-12-09 01:17:00,2023-12-09 12:16:00,INV-ZZ-8235676,,
PNR00247,U,2,2,MAA,DEL,2023-12-09 01:17:00,2023-12-09 12:16:00,INV-ZZ-8235676,,
PNR00248,U,2,2,MAA,DEL,2023-12-09 01:17:00,2023-12-09 12:16:00,INV-ZZ-8235676,,
PNR00249,U,2,1,MAA,DEL,2023-12-09 01:17:00,2023-12-09 12:16:00,INV-ZZ-8235676,,
PNR00250,N,2,4,MAA,DEL,2023-12-09 01:17:00,2023-12-09 12:16:00,INV-ZZ-8235676,,
PNR00251,O,2,5,MAA,DEL,2023-12-09 01:17:00,2023-12-09 12:16:00,INV-ZZ-8235676,,
PNR00515,O,1,4,MAA,DEL,2023-12-09 01:17:00,2023-12-09 12:16:00,INV-ZZ-8235676,,
PNR00516,V,1,4,MAA,DEL,2023-12-09 01:17:00,2023-12-09 12:16:00,INV-ZZ-8235676,,
PNR00517,W,1,3,MAA,DEL,2023-12-09 01:17:00,2023-12-09 12:16:00,INV-ZZ-8235676,,
PNR00518,X,1,3,MAA,DEL,2023-12-09 01:17:00,2023-12-09 12:16:00,INV-ZZ-8235676,,