ScheduleID,CarrierCode,FlightNumber,AircraftType,AircraftTailNumber,DepartureAirport,ArrivalAirport,DepartureTime,ArrivalTime,StartDate,EndDate,Status,Sunday,Monday,Tuesday,Wednesday,Thursday,Friday,Saturday,Frequency_per_week,Frequency,NoOfDepartures,DepartureDates
SCH-ZZ-7283355,ZZ,3417,Boeing 787,VT-6785,CNN,MAA,4:37,12:50,05/22/2024,08/24/2024,Scheduled,1,0,0,0,0,0,1,2,17,27,"['05/25/2024', '05/26/2024', '06/01/2024', '06/02/2024', '06/08/2024', '06/09/2024', '06/15/2024', '06/16/2024', '06/22/2024', '06/23/2024', '06/29/2024', '06/30/2024', '07/06/2024', '07/07/2024', '07/13/2024', '07/14/2024', '07/20/2024', '07/21/2024', '07/27/2024', '07/28/2024', '08/03/2024', '08/04/2024', '08/10/2024', '08/11/2024', '08/17/2024', '08/18/2024', '08/24/2024']"
SCH-ZZ-8305184,ZZ,3083,Airbus A320 Neo,VT-3868,CCJ,MAA,22:42,6:43,08/21/2024,08/28/2024,Scheduled,0,1,1,0,0,1,1,4,2367,4,"['08/23/2024', '08/24/2024', '08/26/2024', '08/27/2024']"
SCH-ZZ-7310425,ZZ,2943,Boeing 767,VT-4386,AMD,HYD,13:55,20:40,08/17/2024,08/24/2024,Scheduled,1,0,1,0,1,1,0,4,1356,4,"['08/18/2024', '08/20/2024', '08/22/2024', '08/23/2024']"
SCH-ZZ-3126325,ZZ,4211,ATR 72,VT-2017,GOI,DEL,17:01,11:08,01/10/2024,05/03/2024,Scheduled,1,0,1,0,1,1,1,5,13567,82,"['01/11/2024', '01/12/2024', '01/13/2024', '01/14/2024', '01/16/2024', '01/18/2024', '01/19/2024', '01/20/2024', '01/21/2024', '01/23/2024', '01/25/2024', '01/26/2024', '01/27/2024', '01/28/2024', '01/30/2024', '02/01/2024', '02/02/2024', '02/03/2024', '02/04/2024', '02/06/2024', '02/08/2024', '02/09/2024', '02/10/2024', '02/11/2024', '02/13/2024', '02/15/2024', '02/16/2024', '02/17/2024', '02/18/2024', '02/20/2024', '02/22/2024', '02/23/2024', '02/24/2024', '02/25/2024', '02/27/2024', '02/29/2024', '03/01/2024', '03/02/2024', '03/03/2024', '03/05/2024', '03/07/2024', '03/08/2024', '03/09/2024', '03/10/2024', '03/12/2024', '03/14/2024', '03/15/2024', '03/16/2024', '03/17/2024', '03/19/2024', '03/21/2024', '03/22/2024', '03/23/2024', '03/24/2024', '03/26/2024', '03/28/2024', '03/29/2024', '03/30/2024', '03/31/2024', '04/02/2024', '04/04/2024', '04/05/2024', '04/06/2024', '04/07/2024', '04/09/2024', '04/11/2024', '04/12/2024', '04/13/2024', '04/14/2024', '04/16/2024', '04/18/2024', '04/19/2024', '04/20/2024', '04/21/2024', '04/23/2024', '04/25/2024', '04/26/2024', '04/27/2024', '04/28/2024', '04/30/2024', '05/02/2024', '05/03/2024']"
SCH-ZZ-4285322,ZZ,4204,Boeing 787,VT-7218,HYD,DEL,12:05,21:12,03/04/2024,04/27/2024,Scheduled,1,0,0,1,1,1,1,5,14567,39,"['03/06/2024', '03/07/2024', '03/08/2024', '03/09/2024', '03/10/2024', '03/13/2024', '03/14/2024', '03/15/2024', '03/16/2024', '03/17/2024', '03/20/2024', '03/21/2024', '03/22/2024', '03/23/2024', '03/24/2024', '03/27/2024', '03/28/2024', '03/29/2024', '03/30/2024', '03/31/2024', '04/03/2024', '04/04/2024', '04/05/2024', '04/06/2024', '04/07/2024', '04/10/2024', '04/11/2024', '04/12/2024', '04/13/2024', '04/14/2024', '04/17/2024', '04/18/2024', '04/19/2024', '04/20/2024', '04/21/2024', '04/24/2024', '04/25/2024', '04/26/2024', '04/27/2024']"
SCH-ZZ-5124267,ZZ,3152,Airbus A320-200,VT-2779,BBI,LKO,1:11,17:33,04/01/2024,04/16/2024,Scheduled,0,1,1,0,0,0,0,2,23,6,"['04/01/2024', '04/02/2024', '04/08/2024', '04/09/2024', '04/15/2024', '04/16/2024']"
SCH-ZZ-1892641,ZZ,3323,Boeing 787,VT-2989,LKO,IDR,23:18,18:22,02/08/2024,03/09/2024,Scheduled,1,1,1,0,0,1,1,5,12367,22,"['02/09/2024', '02/10/2024', '02/11/2024', '02/12/2024', '02/13/2024', '02/16/2024', '02/17/2024', '02/18/2024', '02/19/2024', '02/20/2024', '02/23/2024', '02/24/2024', '02/25/2024', '02/26/2024', '02/27/2024', '03/01/2024', '03/02/2024', '03/03/2024', '03/04/2024', '03/05/2024', '03/08/2024', '03/09/2024']"
SCH-ZZ-4219268,ZZ,2526,Boeing 787,VT-8728,GAU,BLR,8:34,8:47,02/20/2024,02/28/2024,Scheduled,0,0,1,0,1,1,1,4,3567,5,"['02/20/2024', '02/22/2024', '02/23/2024', '02/24/2024', '02/27/2024']"
SCH-ZZ-8409294,ZZ,3417,Boeing 787,VT-2989,CNN,MAA,18:20,7:45,02/17/2024,02/28/2024,Scheduled,1,0,1,1,1,1,1,6,134567,10,"['02/17/2024', '02/18/2024', '02/20/2024', '02/21/2024', '02/22/2024', '02/23/2024', '02/24/2024', '02/25/2024', '02/27/2024', '02/28/2024']"
SCH-ZZ-9668787,ZZ,3782,Boeing 787,VT-1764,BBI,DEL,1:26,23:21,12/18/2023,01/01/2024,Scheduled,0,0,1,0,1,0,0,2,35,4,"['12/19/2023', '12/21/2023', '12/26/2023', '12/28/2023']"
SCH-ZZ-7787481,ZZ,4211,Boeing 787,VT-3505,GOI,DEL,13:55,13:19,12/20/2023,12/28/2023,Scheduled,1,1,0,1,1,1,0,5,12456,7,"['12/20/2023', '12/21/2023', '12/22/2023', '12/24/2023', '12/25/2023', '12/27/2023', '12/28/2023']"
SCH-ZZ-7907532,ZZ,3209,Boeing 787,VT-6458,CNN,COK,20:38,13:57,12/06/2023,12/20/2023,Planning,1,0,0,0,0,0,0,1,1,2,"['12/10/2023', '12/17/2023']"
SCH-ZZ-2517918,ZZ,3265,Boeing 777-300,VT-6829,BBI,GOI,18:46,0:06,12/09/2023,12/20/2023,Planning,0,1,0,1,0,0,0,2,24,4,"['12/11/2023', '12/13/2023', '12/18/2023', '12/20/2023']"
SCH-ZZ-2526622,ZZ,4946,Boeing 757,VT-9553,COK,GAU,6:50,7:48,12/12/2023,12/19/2023,Scheduled,1,0,1,1,0,1,1,5,13467,6,"['12/12/2023', '12/13/2023', '12/15/2023', '12/16/2023', '12/17/2023', '12/19/2023']"
SCH-ZZ-7873449,ZZ,2432,Airbus A321-200,VT-6159,LKO,IDR,11:52,2:32,12/10/2023,12/17/2023,Scheduled,1,0,1,0,0,0,0,2,13,3,"['12/10/2023', '12/12/2023', '12/17/2023']"
SCH-ZZ-1430826,ZZ,2008,Boeing 717,VT-1167,GAU,LKO,22:15,12:46,12/14/2023,12/21/2023,Scheduled,1,1,1,0,1,1,1,6,123567,7,"['12/14/2023', '12/15/2023', '12/16/2023', '12/17/2023', '12/18/2023', '12/19/2023', '12/21/2023']"
SCH-ZZ-3966909,ZZ,4262,Boeing 777-300,VT-7843,TRV,PNQ,4:47,17:50,12/18/2023,12/25/2023,Scheduled,1,1,0,0,0,1,1,4,1267,5,"['12/18/2023', '12/22/2023', '12/23/2023', '12/24/2023', '12/25/2023']"
SCH-ZZ-3537600,ZZ,4913,BAe 146,VT-4847,MAA,IDR,20:41,16:18,12/25/2023,01/01/2024,Scheduled,0,0,0,1,0,0,1,2,47,2,"['12/27/2023', '12/30/2023']"
SCH-ZZ-4493283,ZZ,2885,Boeing 757,VT-2964,PAT,COK,4:44,13:35,12/28/2023,01/04/2024,Scheduled,1,1,0,1,0,1,1,5,12467,5,"['12/29/2023', '12/30/2023', '12/31/2023', '01/01/2024', '01/03/2024']"
SCH-ZZ-1238701,ZZ,3768,Boeing 717,VT-9798,PAT,PNQ,15:18,13:59,12/21/2023,12/31/2023,Scheduled,1,0,1,1,1,1,0,5,13456,8,"['12/21/2023', '12/22/2023', '12/24/2023', '12/26/2023', '12/27/2023', '12/28/2023', '12/29/2023', '12/31/2023']"
SCH-ZZ-6640588,ZZ,2752,Boeing 777,VT-6670,JAI,BOM,11:47,17:27,12/06/2023,12/21/2023,Scheduled,0,1,1,0,1,0,1,4,2357,9,"['12/07/2023', '12/09/2023', '12/11/2023', '12/12/2023', '12/14/2023', '12/16/2023', '12/18/2023', '12/19/2023', '12/21/2023']"
SCH-ZZ-8515821,ZZ,4838,Boeing 787,VT-4107,DEL,GAU,19:22,22:39,12/13/2023,12/20/2023,Scheduled,0,1,0,0,1,0,0,2,25,2,"['12/14/2023', '12/18/2023']"
SCH-ZZ-8807005,ZZ,3355,Boeing 767,VT-6893,BOM,CCU,17:10,23:31,12/14/2023,12/21/2023,Scheduled,0,0,0,0,0,0,0,0,,0,[]
SCH-ZZ-9131256,ZZ,3869,Airbus A320 Neo,VT-7102,HYD,CJB,10:10,10:06,12/21/2023,12/28/2023,Scheduled,1,0,1,1,1,1,0,5,13456,6,"['12/21/2023', '12/22/2023', '12/24/2023', '12/26/2023', '12/27/2023', '12/28/2023']"
SCH-ZZ-5438667,ZZ,3597,Airbus A321-200,VT-6372,CJB,AMD,22:54,15:04,12/26/2023,01/02/2024,Scheduled,0,0,1,0,0,0,0,1,3,2,"['12/26/2023', '01/02/2024']"
SCH-ZZ-7813337,ZZ,3694,Boeing 777-300,VT-3828,IDR,BBI,17:02,8:13,12/15/2023,12/31/2023,Scheduled,0,1,1,0,0,1,0,3,236,7,"['12/15/2023', '12/18/2023', '12/19/2023', '12/22/2023', '12/25/2023', '12/26/2023', '12/29/2023']"
SCH-ZZ-3794224,ZZ,3948,ATR 72,VT-4084,CCJ,PNQ,20:56,22:25,12/28/2023,01/04/2024,Scheduled,1,1,0,1,1,1,1,6,124567,7,"['12/28/2023', '12/29/2023', '12/30/2023', '12/31/2023', '01/01/2024', '01/03/2024', '01/04/2024']"
SCH-ZZ-8842436,ZZ,4341,Airbus A321 Neo,VT-6642,TRV,CCU,22:13,13:34,01/04/2024,01/11/2024,Scheduled,1,0,0,0,1,1,0,3,156,4,"['01/04/2024', '01/05/2024', '01/07/2024', '01/11/2024']"
SCH-ZZ-5791697,ZZ,3083,Boeing 787,VT-6785,CCJ,MAA,19:58,14:12,12/07/2023,12/14/2023,Scheduled,0,1,1,0,0,1,0,3,236,3,"['12/08/2023', '12/11/2023', '12/12/2023']"
SCH-ZZ-1589654,ZZ,3209,Boeing 777-300,VT-5703,CNN,COK,14:47,20:20,12/04/2023,12/11/2023,Scheduled,0,1,0,1,1,0,1,4,2457,5,"['12/04/2023', '12/06/2023', '12/07/2023', '12/09/2023', '12/11/2023']"
SCH-ZZ-3663516,ZZ,4262,Boeing 767,VT-8018,TRV,PNQ,8:40,23:09,12/08/2023,12/15/2023,Scheduled,0,1,1,0,0,0,1,3,237,3,"['12/09/2023', '12/11/2023', '12/12/2023']"
SCH-ZZ-1589389,ZZ,2679,Airbus A321 Neo,VT-4712,GOI,BLR,22:49,1:50,12/14/2023,12/21/2023,Scheduled,1,0,1,1,0,0,1,4,1347,4,"['12/16/2023', '12/17/2023', '12/19/2023', '12/20/2023']"
SCH-ZZ-9004907,ZZ,4828,Boeing 757,VT-1032,MAA,DEL,1:17,12:16,12/09/2023,12/18/2023,Scheduled,0,0,0,1,1,1,1,4,4567,5,"['12/09/2023', '12/13/2023', '12/14/2023', '12/15/2023', '12/16/2023']"
SCH-ZZ-2438777,ZZ,4763,Airbus A320 Neo,VT-3868,AMD,CNN,20:37,22:25,12/05/2023,12/17/2023,Scheduled,0,1,0,1,0,1,0,3,246,5,"['12/06/2023', '12/08/2023', '12/11/2023', '12/13/2023', '12/15/2023']"
SCH-ZZ-1474449,ZZ,4259,Boeing 767,VT-2887,CCU,MAA,21:43,13:07,12/10/2023,12/17/2023,Scheduled,0,0,0,1,1,1,1,4,4567,4,"['12/13/2023', '12/14/2023', '12/15/2023', '12/16/2023']"
SCH-ZZ-5965591,ZZ,3107,Boeing 717,VT-1098,BBI,HYD,4:32,6:05,12/08/2023,12/16/2023,Planning,0,0,1,1,0,0,0,2,34,2,"['12/12/2023', '12/13/2023']"
SCH-ZZ-8297347,ZZ,4938,ATR 72,VT-4084,COK,IDR,13:02,15:16,12/10/2023,12/17/2023,Scheduled,0,1,0,0,1,1,1,4,2567,4,"['12/11/2023', '12/14/2023', '12/15/2023', '12/16/2023']"
SCH-ZZ-2469436,ZZ,2102,Airbus A320 Neo,VT-1490,BOM,HYD,6:46,6:47,12/16/2023,12/23/2023,Scheduled,0,1,0,0,1,1,1,4,2567,5,"['12/16/2023', '12/18/2023', '12/21/2023', '12/22/2023', '12/23/2023']"
SCH-ZZ-4332641,ZZ,4763,Airbus A320-200,VT-8615,AMD,CNN,22:15,18:52,12/10/2023,12/23/2023,Scheduled,0,1,0,1,1,1,1,5,24567,10,"['12/11/2023', '12/13/2023', '12/14/2023', '12/15/2023', '12/16/2023', '12/18/2023', '12/20/2023', '12/21/2023', '12/22/2023', '12/23/2023']"
SCH-ZZ-2192077,ZZ,2069,Boeing 787,VT-9562,BLR,TRV,12:25,17:09,12/09/2023,12/17/2023,Scheduled,0,1,0,1,1,1,0,4,2456,4,"['12/11/2023', '12/13/2023', '12/14/2023', '12/15/2023']"
SCH-ZZ-6592378,ZZ,4341,Boeing 717,VT-7866,TRV,CCU,6:17,0:30,12/15/2023,12/22/2023,Scheduled,0,1,0,0,1,1,1,4,2567,5,"['12/15/2023', '12/16/2023', '12/18/2023', '12/21/2023', '12/22/2023']"
SCH-ZZ-4016963,ZZ,4830,ATR 72,VT-8486,GAU,BOM,11:49,10:43,12/22/2023,12/29/2023,Scheduled,0,1,0,1,0,0,1,3,247,3,"['12/23/2023', '12/25/2023', '12/27/2023']"
SCH-ZZ-3013947,ZZ,3417,Airbus A320-200,VT-8615,CNN,MAA,15:29,3:26,12/24/2023,12/31/2023,Scheduled,1,1,0,1,1,1,0,5,12456,6,"['12/24/2023', '12/25/2023', '12/27/2023', '12/28/2023', '12/29/2023', '12/31/2023']"
SCH-ZZ-9094190,ZZ,3686,Boeing 777,VT-6552,COK,DEL,4:55,3:45,12/18/2023,12/30/2023,Scheduled,1,1,1,0,1,1,0,5,12356,9,"['12/18/2023', '12/19/2023', '12/21/2023', '12/22/2023', '12/24/2023', '12/25/2023', '12/26/2023', '12/28/2023', '12/29/2023']"
SCH-ZZ-3882444,ZZ,4763,BAe 146,VT-2584,AMD,CNN,21:56,0:36,12/30/2023,01/06/2024,Scheduled,1,0,0,0,0,0,1,2,17,3,"['12/30/2023', '12/31/2023', '01/06/2024']"
SCH-ZZ-6660445,ZZ,2823,BAe 146,VT-7913,CCJ,JAI,2:00,17:16,12/07/2023,01/06/2024,Scheduled,1,1,0,0,0,0,1,3,127,13,"['12/09/2023', '12/10/2023', '12/11/2023', '12/16/2023', '12/17/2023', '12/18/2023', '12/23/2023', '12/24/2023', '12/25/2023', '12/30/2023', '12/31/2023', '01/01/2024', '01/06/2024']"
SCH-ZZ-5071799,ZZ,4167,Boeing 787,VT-6785,IDR,MAA,13:53,1:04,12/15/2023,12/27/2023,Scheduled,1,1,1,1,1,0,1,6,123457,11,"['12/16/2023', '12/17/2023', '12/18/2023', '12/19/2023', '12/20/2023', '12/21/2023', '12/23/2023', '12/24/2023', '12/25/2023', '12/26/2023', '12/27/2023']"
SCH-ZZ-5336077,ZZ,2679,Boeing 777-300,VT-6362,GOI,BLR,16:03,9:42,12/25/2023,01/01/2024,Scheduled,1,1,0,1,1,0,0,4,1245,5,"['12/25/2023', '12/27/2023', '12/28/2023', '12/31/2023', '01/01/2024']"
SCH-ZZ-6301036,ZZ,2055,Boeing 717,VT-2588,BBI,MAA,10:51,0:16,12/14/2023,12/30/2023,Scheduled,1,1,0,1,0,0,0,3,124,6,"['12/17/2023', '12/18/2023', '12/20/2023', '12/24/2023', '12/25/2023', '12/27/2023']"
SCH-ZZ-9594677,ZZ,2049,BAe 146,VT-5535,CNN,CCU,2:09,19:44,12/14/2023,12/22/2023,Scheduled,0,0,1,1,1,1,1,5,34567,7,"['12/14/2023', '12/15/2023', '12/16/2023', '12/19/2023', '12/20/2023', '12/21/2023', '12/22/2023']"
SCH-ZZ-8611652,ZZ,2406,Boeing 777-300,VT-9298,BLR,IDR,9:51,7:59,12/07/2023,12/15/2023,Scheduled,0,1,1,1,0,0,1,4,2347,4,"['12/09/2023', '12/11/2023', '12/12/2023', '12/13/2023']"
SCH-ZZ-4348536,ZZ,2526,Airbus A320 Neo,VT-3302,GAU,BLR,21:14,20:24,12/14/2023,12/21/2023,Scheduled,0,0,0,1,1,0,1,3,457,4,"['12/14/2023', '12/16/2023', '12/20/2023', '12/21/2023']"
SCH-ZZ-1074893,ZZ,3417,Airbus A321 Neo,VT-5460,CNN,MAA,18:50,7:12,12/05/2023,12/15/2023,Scheduled,0,1,0,1,1,1,0,4,2456,7,"['12/06/2023', '12/07/2023', '12/08/2023', '12/11/2023', '12/13/2023', '12/14/2023', '12/15/2023']"
SCH-ZZ-8192239,ZZ,2631,Boeing 777-300,VT-6829,LKO,CNN,13:58,8:18,12/08/2023,12/15/2023,Scheduled,1,1,1,0,0,1,1,5,12367,6,"['12/08/2023', '12/09/2023', '12/10/2023', '12/11/2023', '12/12/2023', '12/15/2023']"
SCH-ZZ-7229948,ZZ,2323,Airbus A320 Neo,VT-3424,CCU,COK,6:31,1:00,12/09/2023,12/16/2023,Scheduled,1,1,1,1,1,0,0,5,12345,5,"['12/10/2023', '12/11/2023', '12/12/2023', '12/13/2023', '12/14/2023']"
SCH-ZZ-4710588,ZZ,3584,Airbus A320 Neo,VT-1052,LKO,GOI,5:34,6:38,12/12/2023,12/19/2023,Scheduled,0,1,0,0,0,0,1,2,27,2,"['12/16/2023', '12/18/2023']"
SCH-ZZ-1922965,ZZ,2814,Boeing 717,VT-9798,JAI,IDR,16:12,10:06,12/05/2023,12/15/2023,Scheduled,0,0,1,0,1,0,0,2,35,4,"['12/05/2023', '12/07/2023', '12/12/2023', '12/14/2023']"
SCH-ZZ-4169396,ZZ,2120,Boeing 777,VT-8969,BLR,JAI,8:01,8:17,12/14/2023,12/21/2023,Scheduled,1,1,0,0,1,1,1,5,12567,6,"['12/14/2023', '12/15/2023', '12/16/2023', '12/17/2023', '12/18/2023', '12/21/2023']"
SCH-ZZ-9528364,ZZ,2299,BAe 146,VT-6664,TRV,BLR,0:39,21:05,12/17/2023,12/24/2023,Scheduled,0,0,0,1,0,1,1,3,467,3,"['12/20/2023', '12/22/2023', '12/23/2023']"
SCH-ZZ-6454179,ZZ,2973,Boeing 717,VT-1098,IDR,BOM,16:53,12:06,12/04/2023,12/15/2023,Scheduled,1,1,0,1,1,0,1,5,12457,8,"['12/04/2023', '12/06/2023', '12/07/2023', '12/09/2023', '12/10/2023', '12/11/2023', '12/13/2023', '12/14/2023']"
SCH-ZZ-1854929,ZZ,3181,Boeing 717,VT-8058,MAA,CCU,20:49,12:30,12/09/2023,12/16/2023,Scheduled,0,0,1,0,1,1,0,3,356,3,"['12/12/2023', '12/14/2023', '12/15/2023']"
SCH-ZZ-6053731,ZZ,2560,BAe 146,VT-1594,PAT,BBI,4:02,20:34,12/08/2023,12/15/2023,Scheduled,0,0,0,1,1,0,1,3,457,3,"['12/09/2023', '12/13/2023', '12/14/2023']"
SCH-ZZ-9806021,ZZ,4290,Boeing 767,VT-5758,MAA,COK,20:09,22:12,12/06/2023,12/13/2023,Planning,0,0,1,0,0,0,1,2,37,2,"['12/09/2023', '12/12/2023']"
SCH-ZZ-3482484,ZZ,2914,Boeing 787,VT-6458,GOI,COK,23:47,2:27,12/12/2023,12/19/2023,Scheduled,1,0,1,0,0,1,1,4,1367,5,"['12/12/2023', '12/15/2023', '12/16/2023', '12/17/2023', '12/19/2023']"
SCH-ZZ-9764612,ZZ,3901,Airbus A321-200,VT-2116,PNQ,CCJ,13:33,9:22,12/17/2023,12/24/2023,Planning,1,0,0,1,0,0,0,2,14,3,"['12/17/2023', '12/20/2023', '12/24/2023']"
SCH-ZZ-3601620,ZZ,3946,Boeing 757,VT-9553,TRV,CNN,19:45,22:07,12/20/2023,12/27/2023,Planning,0,1,1,1,1,1,1,6,234567,7,"['12/20/2023', '12/21/2023', '12/22/2023', '12/23/2023', '12/25/2023', '12/26/2023', '12/27/2023']"
SCH-ZZ-3206199,ZZ,3869,ATR 72,VT-2189,HYD,CJB,2:21,23:44,12/09/2023,12/23/2023,Scheduled,0,1,0,0,0,1,0,2,26,4,"['12/11/2023', '12/15/2023', '12/18/2023', '12/22/2023']"
SCH-ZZ-7747278,ZZ,2809,Boeing 757,VT-6787,CJB,HYD,6:47,14:05,12/06/2023,12/23/2023,Scheduled,0,0,1,1,0,1,1,4,3467,11,"['12/06/2023', '12/08/2023', '12/09/2023', '12/12/2023', '12/13/2023', '12/15/2023', '12/16/2023', '12/19/2023', '12/20/2023', '12/22/2023', '12/23/2023']"
SCH-ZZ-1331445,ZZ,2390,Boeing 757,VT-6787,CNN,HYD,4:53,7:29,12/16/2023,12/23/2023,Scheduled,0,1,0,1,1,1,1,5,24567,6,"['12/16/2023', '12/18/2023', '12/20/2023', '12/21/2023', '12/22/2023', '12/23/2023']"
SCH-ZZ-7048209,ZZ,4886,Airbus A321 Neo,VT-9278,BOM,PAT,10:23,20:48,12/09/2023,12/17/2023,Scheduled,1,1,1,1,0,0,1,5,12347,7,"['12/09/2023', '12/10/2023', '12/11/2023', '12/12/2023', '12/13/2023', '12/16/2023', '12/17/2023']"
SCH-ZZ-2592431,ZZ,4429,Airbus A321-200,VT-6372,JAI,CJB,16:53,21:53,12/08/2023,12/15/2023,Scheduled,0,0,1,0,1,0,1,3,357,3,"['12/09/2023', '12/12/2023', '12/14/2023']"
SCH-ZZ-4609150,ZZ,3171,ATR 72,VT-9254,IDR,COK,10:45,18:58,12/12/2023,12/19/2023,Scheduled,0,1,1,0,0,0,0,2,23,3,"['12/12/2023', '12/18/2023', '12/19/2023']"
SCH-ZZ-7453592,ZZ,2702,Airbus A320 Neo,VT-1052,CJB,PNQ,23:30,21:28,12/17/2023,12/24/2023,Scheduled,0,0,0,1,0,0,0,1,4,1,['12/20/2023']
SCH-ZZ-4429935,ZZ,4995,Airbus A320-200,VT-2779,GAU,IDR,7:35,21:24,12/07/2023,12/20/2023,Planning,1,1,1,0,1,1,0,5,12356,10,"['12/07/2023', '12/08/2023', '12/10/2023', '12/11/2023', '12/12/2023', '12/14/2023', '12/15/2023', '12/17/2023', '12/18/2023', '12/19/2023']"
SCH-ZZ-7255314,ZZ,2047,Airbus A320-200,VT-6548,IDR,COK,5:27,21:31,12/16/2023,12/23/2023,Scheduled,1,0,0,1,1,0,0,3,145,3,"['12/17/2023', '12/20/2023', '12/21/2023']"
SCH-ZZ-6699044,ZZ,4913,Boeing 757,VT-5521,MAA,IDR,2:05,3:05,12/08/2023,12/15/2023,Scheduled,0,1,0,1,0,0,0,2,24,2,"['12/11/2023', '12/13/2023']"
SCH-ZZ-2529141,ZZ,3688,Boeing 777,VT-6857,PAT,HYD,6:25,21:34,12/10/2023,12/17/2023,Scheduled,1,1,1,1,1,0,0,5,12345,6,"['12/10/2023', '12/11/2023', '12/12/2023', '12/13/2023', '12/14/2023', '12/17/2023']"
SCH-ZZ-6383825,ZZ,4938,Boeing 717,VT-1167,COK,IDR,8:16,4:53,12/13/2023,12/20/2023,Planning,1,1,1,0,0,1,1,5,12367,5,"['12/15/2023', '12/16/2023', '12/17/2023', '12/18/2023', '12/19/2023']"
SCH-ZZ-1016322,ZZ,2502,Boeing 777-300,VT-6829,GAU,HYD,13:27,10:37,12/09/2023,12/20/2023,Scheduled,0,0,1,1,0,0,1,3,347,6,"['12/09/2023', '12/12/2023', '12/13/2023', '12/16/2023', '12/19/2023', '12/20/2023']"
SCH-ZZ-1861191,ZZ,2914,Boeing 787,VT-6837,GOI,COK,8:21,16:34,12/19/2023,12/26/2023,Planning,1,1,0,1,0,0,0,3,124,3,"['12/20/2023', '12/24/2023', '12/25/2023']"
SCH-ZZ-5237867,ZZ,4516,Airbus A320-200,VT-6548,COK,CCU,0:01,22:08,12/11/2023,12/26/2023,Scheduled,0,1,1,0,1,0,1,4,2357,10,"['12/11/2023', '12/12/2023', '12/14/2023', '12/16/2023', '12/18/2023', '12/19/2023', '12/21/2023', '12/23/2023', '12/25/2023', '12/26/2023']"
SCH-ZZ-5949538,ZZ,2809,Airbus A321 Neo,VT-3282,CJB,HYD,2:11,23:15,12/06/2023,12/17/2023,Scheduled,1,1,0,1,0,1,0,4,1246,7,"['12/06/2023', '12/08/2023', '12/10/2023', '12/11/2023', '12/13/2023', '12/15/2023', '12/17/2023']"
SCH-ZZ-9164842,ZZ,2016,Boeing 777,VT-2620,BBI,LKO,11:13,11:41,12/15/2023,12/22/2023,Scheduled,0,0,0,1,0,0,1,2,47,2,"['12/16/2023', '12/20/2023']"
SCH-ZZ-4460278,ZZ,3027,Boeing 767,VT-9511,AMD,JAI,14:32,4:56,12/21/2023,12/28/2023,Scheduled,1,0,1,1,1,0,0,4,1345,5,"['12/21/2023', '12/24/2023', '12/26/2023', '12/27/2023', '12/28/2023']"
SCH-ZZ-4745163,ZZ,3027,Boeing 777,VT-2035,AMD,JAI,21:02,15:30,12/05/2023,12/22/2023,Scheduled,1,1,1,1,0,0,1,5,12347,12,"['12/05/2023', '12/06/2023', '12/09/2023', '12/10/2023', '12/11/2023', '12/12/2023', '12/13/2023', '12/16/2023', '12/17/2023', '12/18/2023', '12/19/2023', '12/20/2023']"
SCH-ZZ-2990004,ZZ,2347,Boeing 787,VT-6785,PAT,BOM,11:26,21:02,12/21/2023,12/28/2023,Scheduled,0,0,1,0,1,0,1,3,357,4,"['12/21/2023', '12/23/2023', '12/26/2023', '12/28/2023']"
SCH-ZZ-4180348,ZZ,4529,Boeing 777,VT-2620,BBI,GAU,16:56,21:11,12/17/2023,12/24/2023,Scheduled,0,0,1,0,0,1,1,3,367,3,"['12/19/2023', '12/22/2023', '12/23/2023']"
SCH-ZZ-2688489,ZZ,3140,Airbus A320 Neo,VT-9284,CCU,LKO,14:20,5:25,12/14/2023,12/22/2023,Scheduled,0,1,0,0,0,1,1,3,267,4,"['12/15/2023', '12/16/2023', '12/18/2023', '12/22/2023']"
SCH-ZZ-6466454,ZZ,4529,Boeing 787,VT-7972,BBI,GAU,4:15,10:27,12/08/2023,12/19/2023,Scheduled,0,0,0,0,0,0,1,1,7,2,"['12/09/2023', '12/16/2023']"
SCH-ZZ-5903235,ZZ,4114,Boeing 717,VT-7866,CJB,BLR,11:36,5:00,12/08/2023,12/18/2023,Scheduled,1,0,0,1,0,0,0,2,14,3,"['12/10/2023', '12/13/2023', '12/17/2023']"
SCH-ZZ-7320637,ZZ,2877,Boeing 787,VT-3505,GOI,BOM,1:10,0:31,12/11/2023,12/18/2023,Scheduled,0,1,0,1,1,1,1,5,24567,6,"['12/11/2023', '12/13/2023', '12/14/2023', '12/15/2023', '12/16/2023', '12/18/2023']"
SCH-ZZ-6644158,ZZ,3323,Boeing 777,VT-6552,LKO,IDR,15:47,6:55,12/14/2023,12/21/2023,Scheduled,0,1,0,0,1,1,1,4,2567,5,"['12/14/2023', '12/15/2023', '12/16/2023', '12/18/2023', '12/21/2023']"
SCH-ZZ-5781287,ZZ,4186,Boeing 787,VT-8728,BOM,GAU,7:43,13:17,12/12/2023,12/21/2023,Scheduled,1,1,0,0,0,0,1,3,127,3,"['12/16/2023', '12/17/2023', '12/18/2023']"
SCH-ZZ-1972891,ZZ,3455,Boeing 777,VT-8969,MAA,HYD,10:06,17:08,12/10/2023,12/17/2023,Scheduled,1,0,0,0,0,0,0,1,1,2,"['12/10/2023', '12/17/2023']"
SCH-ZZ-7992875,ZZ,3323,Boeing 777,VT-5622,LKO,IDR,20:27,0:27,12/08/2023,12/15/2023,Scheduled,1,1,1,1,0,0,0,4,1234,4,"['12/10/2023', '12/11/2023', '12/12/2023', '12/13/2023']"
SCH-ZZ-9900243,ZZ,4132,Boeing 767,VT-5455,CCJ,GAU,0:04,12:11,12/05/2023,12/14/2023,Scheduled,0,1,0,0,0,1,1,3,267,3,"['12/08/2023', '12/09/2023', '12/11/2023']"
SCH-ZZ-5356553,ZZ,3417,Boeing 787,VT-1764,CNN,MAA,0:26,2:06,12/05/2023,12/12/2023,Scheduled,1,0,0,0,1,0,1,3,157,3,"['12/07/2023', '12/09/2023', '12/10/2023']"
SCH-ZZ-6629838,ZZ,4938,Boeing 787,VT-8728,COK,IDR,7:29,1:22,12/06/2023,12/13/2023,Scheduled,1,1,0,1,0,0,0,3,124,4,"['12/06/2023', '12/10/2023', '12/11/2023', '12/13/2023']"
SCH-ZZ-3933513,ZZ,2684,BAe 146,VT-2584,PNQ,CNN,20:10,1:13,12/13/2023,12/20/2023,Scheduled,1,1,1,0,1,0,1,5,12357,5,"['12/14/2023', '12/16/2023', '12/17/2023', '12/18/2023', '12/19/2023']"
SCH-ZZ-2430474,ZZ,2678,Boeing 767,VT-1375,DEL,IDR,17:34,14:17,12/05/2023,12/15/2023,Planning,0,0,0,0,1,0,1,2,57,3,"['12/07/2023', '12/09/2023', '12/14/2023']"